"title","start_time","end_time","description","exercise_title","superset_id","exercise_notes","set_index","set_type","weight_kg","reps","distance_km","duration_seconds","rpe"
"Giorno B","18 ago 2026, 12:27","18 ago 2026, 13:30","","Plank",,"",0,"normal",,0,,39,
"Giorno B","18 ago 2026, 12:27","18 ago 2026, 13:30","","Lat Pulldown (Cavo)",,"",0,"normal",40,7,,0,
"Giorno B","18 ago 2026, 12:27","18 ago 2026, 13:30","","Lat Pulldown (Cavo)",,"",1,"normal",35,8,,0,
"Giorno B","18 ago 2026, 12:27","18 ago 2026, 13:30","","Lat Pulldown (Cavo)",,"",2,"normal",35,8,,0,
"Giorno B","18 ago 2026, 12:27","18 ago 2026, 13:30","","Lat Pulldown (Cavo)",,"",3,"normal",35,8,,0,
"Giorno B","18 ago 2026, 12:27","18 ago 2026, 13:30","","Rematore Manubrio",,"",0,"normal",14,6,,0,
"Giorno B","18 ago 2026, 12:27","18 ago 2026, 13:30","","Rematore Manubrio",,"",1,"normal",14,6,,0,
"Giorno B","18 ago 2026, 12:27","18 ago 2026, 13:30","","Rematore Manubrio",,"",2,"normal",14,6,,0,
"Giorno B","18 ago 2026, 12:27","18 ago 2026, 13:30","","Aperture Laterali (Manubrio)",,"",0,"normal",4,10,,0,
"Giorno B","18 ago 2026, 12:27","18 ago 2026, 13:30","","Aperture Laterali (Manubrio)",,"",1,"normal",4,10,,0,
"Giorno B","18 ago 2026, 12:27","18 ago 2026, 13:30","","Aperture Laterali (Manubrio)",,"",2,"normal",4,10,,0,
"Giorno B","18 ago 2026, 12:27","18 ago 2026, 13:30","","Aperture Laterali (Manubrio)",,"",3,"normal",4,10,,0,
"Giorno B","18 ago 2026, 12:27","18 ago 2026, 13:30","","Curl Bicipiti (Manubrio)",,"",0,"normal",7,10,,0,
"Giorno B","18 ago 2026, 12:27","18 ago 2026, 13:30","","Curl Bicipiti (Manubrio)",,"",1,"normal",7,10,,0,
"Giorno B","18 ago 2026, 12:27","18 ago 2026, 13:30","","Curl Bicipiti (Manubrio)",,"",2,"normal",7,10,,0,
"Giorno B","18 ago 2026, 12:27","18 ago 2026, 13:30","","Estensione Tricipiti (Manubrio)",,"",0,"normal",10,8,,0,
"Giorno B","18 ago 2026, 12:27","18 ago 2026, 13:30","","Estensione Tricipiti (Manubrio)",,"",1,"normal",8,10,,0,
"Giorno B","18 ago 2026, 12:27","18 ago 2026, 13:30","","Estensione Tricipiti (Manubrio)",,"",2,"normal",10,8,,0,
"Giorno B","18 ago 2026, 12:27","18 ago 2026, 13:30","","Estensione Tricipiti (Manubrio)",,"",3,"normal",10,8,,0,
"Giorno B","18 ago 2026, 12:27","18 ago 2026, 13:30","","Cable Crunch",,"",0,"normal",15,10,,0,
"Giorno B","18 ago 2026, 12:27","18 ago 2026, 13:30","","Cable Crunch",,"",1,"normal",15,10,,0,
"Giorno B","18 ago 2026, 12:27","18 ago 2026, 13:30","","Cable Crunch",,"",2,"normal",15,10,,0,
"Giorno A","17 ago 2026, 18:32","17 ago 2026, 20:06","","Ponte Glutei",,"",0,"normal",,25,,0,
"Giorno A","17 ago 2026, 18:32","17 ago 2026, 20:06","","Plank",,"",0,"normal",,0,,73,
"Giorno A","17 ago 2026, 18:32","17 ago 2026, 20:06","","Stacco da Terra Rumeno (Bilanciere)",,"",0,"normal",50,8,,0,
"Giorno A","17 ago 2026, 18:32","17 ago 2026, 20:06","","Stacco da Terra Rumeno (Bilanciere)",,"",1,"normal",50,8,,0,
"Giorno A","17 ago 2026, 18:32","17 ago 2026, 20:06","","Stacco da Terra Rumeno (Bilanciere)",,"",2,"normal",50,8,,0,
"Giorno A","17 ago 2026, 18:32","17 ago 2026, 20:06","","Stacco da Terra Rumeno (Bilanciere)",,"",3,"normal",50,8,,0,
"Giorno A","17 ago 2026, 18:32","17 ago 2026, 20:06","","Lento in Avanti in Piedi (Bilanciere)",,"",0,"normal",17.5,8,,0,
"Giorno A","17 ago 2026, 18:32","17 ago 2026, 20:06","","Lento in Avanti in Piedi (Bilanciere)",,"",1,"normal",17.5,8,,0,
"Giorno A","17 ago 2026, 18:32","17 ago 2026, 20:06","","Lento in Avanti in Piedi (Bilanciere)",,"",2,"normal",17.5,8,,0,
"Giorno A","17 ago 2026, 18:32","17 ago 2026, 20:06","","Lento in Avanti in Piedi (Bilanciere)",,"",3,"normal",17.5,7,,0,
"Giorno A","17 ago 2026, 18:32","17 ago 2026, 20:06","","Step Up",,"",0,"normal",,12,,0,
"Giorno A","17 ago 2026, 18:32","17 ago 2026, 20:06","","Step Up",,"",1,"normal",,12,,0,
"Giorno A","17 ago 2026, 18:32","17 ago 2026, 20:06","","Step Up",,"",2,"normal",,12,,0,
"Giorno A","17 ago 2026, 18:32","17 ago 2026, 20:06","","Pushdown Tricipiti",,"",0,"normal",7.5,12,,0,
"Giorno A","17 ago 2026, 18:32","17 ago 2026, 20:06","","Pushdown Tricipiti",,"",1,"normal",7.5,12,,0,
"Giorno A","17 ago 2026, 18:32","17 ago 2026, 20:06","","Pushdown Tricipiti",,"",2,"normal",7.5,12,,0,
"Giorno A","17 ago 2026, 18:32","17 ago 2026, 20:06","","Estensioni Glutei al Cavo",,"",0,"normal",7.5,10,,0,
"Giorno A","17 ago 2026, 18:32","17 ago 2026, 20:06","","Estensioni Glutei al Cavo",,"",1,"normal",7.5,10,,0,
"Giorno A","17 ago 2026, 18:32","17 ago 2026, 20:06","","Estensioni Glutei al Cavo",,"",2,"normal",7.5,10,,0,
"Giorno C","13 ago 2026, 18:30","13 ago 2026, 19:48","","Ponte Glutei",,"",0,"normal",,20,,0,
"Giorno C","13 ago 2026, 18:30","13 ago 2026, 19:48","","Plank",,"",0,"normal",,0,,65,
"Giorno C","13 ago 2026, 18:30","13 ago 2026, 19:48","","Hip Thrust (macchina)",,"",0,"normal",45,6,,0,
"Giorno C","13 ago 2026, 18:30","13 ago 2026, 19:48","","Hip Thrust (macchina)",,"",1,"normal",45,6,,0,
"Giorno C","13 ago 2026, 18:30","13 ago 2026, 19:48","","Hip Thrust (macchina)",,"",2,"normal",45,6,,0,
"Giorno C","13 ago 2026, 18:30","13 ago 2026, 19:48","","Hip Thrust (macchina)",,"",3,"normal",45,6,,0,
"Giorno C","13 ago 2026, 18:30","13 ago 2026, 19:48","","Stacco Rumeno a Gamba Singola (Manubrio)",,"",0,"normal",22,10,,0,
"Giorno C","13 ago 2026, 18:30","13 ago 2026, 19:48","","Stacco Rumeno a Gamba Singola (Manubrio)",,"",1,"normal",22,10,,0,
"Giorno C","13 ago 2026, 18:30","13 ago 2026, 19:48","","Stacco Rumeno a Gamba Singola (Manubrio)",,"",2,"normal",22,28,,0,
"Giorno C","13 ago 2026, 18:30","13 ago 2026, 19:48","","Affondi (Manubrio)",,"",0,"normal",8,9,,0,
"Giorno C","13 ago 2026, 18:30","13 ago 2026, 19:48","","Affondi (Manubrio)",,"",1,"normal",8,9,,0,
"Giorno C","13 ago 2026, 18:30","13 ago 2026, 19:48","","Affondi (Manubrio)",,"",2,"normal",8,9,,0,
"Giorno C","13 ago 2026, 18:30","13 ago 2026, 19:48","","Estensione Dorso (Ipertensione con Peso)",,"",0,"normal",10,10,,0,
"Giorno C","13 ago 2026, 18:30","13 ago 2026, 19:48","","Estensione Dorso (Ipertensione con Peso)",,"",1,"normal",10,10,,0,
"Giorno C","13 ago 2026, 18:30","13 ago 2026, 19:48","","Estensione Dorso (Ipertensione con Peso)",,"",2,"normal",10,10,,0,
"Giorno C","13 ago 2026, 18:30","13 ago 2026, 19:48","","Estensioni Glutei al Cavo",,"",0,"normal",10,10,,0,
"Giorno C","13 ago 2026, 18:30","13 ago 2026, 19:48","","Estensioni Glutei al Cavo",,"",1,"normal",10,10,,0,
"Giorno C","13 ago 2026, 18:30","13 ago 2026, 19:48","","Estensioni Glutei al Cavo",,"",2,"normal",10,10,,0,
"Giorno B","12 ago 2026, 18:31","12 ago 2026, 19:29","","Plank",,"",0,"normal",,0,,60,
"Giorno B","12 ago 2026, 18:31","12 ago 2026, 19:29","","Lat Pulldown (Cavo)",,"",0,"normal",40,8,,0,
"Giorno B","12 ago 2026, 18:31","12 ago 2026, 19:29","","Lat Pulldown (Cavo)",,"",1,"normal",40,6,,0,
"Giorno B","12 ago 2026, 18:31","12 ago 2026, 19:29","","Lat Pulldown (Cavo)",,"",2,"normal",35,8,,0,
"Giorno B","12 ago 2026, 18:31","12 ago 2026, 19:29","","Lat Pulldown (Cavo)",,"",3,"normal",35,8,,0,
"Giorno B","12 ago 2026, 18:31","12 ago 2026, 19:29","","Rematore Manubrio",,"",0,"normal",14,6,,0,
"Giorno B","12 ago 2026, 18:31","12 ago 2026, 19:29","","Rematore Manubrio",,"",1,"normal",14,6,,0,
"Giorno B","12 ago 2026, 18:31","12 ago 2026, 19:29","","Rematore Manubrio",,"",2,"normal",14,6,,0,
"Giorno B","12 ago 2026, 18:31","12 ago 2026, 19:29","","Aperture Laterali (Manubrio)",,"",0,"normal",4,10,,0,
"Giorno B","12 ago 2026, 18:31","12 ago 2026, 19:29","","Aperture Laterali (Manubrio)",,"",1,"normal",4,10,,0,
"Giorno B","12 ago 2026, 18:31","12 ago 2026, 19:29","","Aperture Laterali (Manubrio)",,"",2,"normal",4,10,,0,
"Giorno B","12 ago 2026, 18:31","12 ago 2026, 19:29","","Aperture Laterali (Manubrio)",,"",3,"normal",4,10,,0,
"Giorno B","12 ago 2026, 18:31","12 ago 2026, 19:29","","Curl Bicipiti (Manubrio)",,"",0,"normal",7,10,,0,
"Giorno B","12 ago 2026, 18:31","12 ago 2026, 19:29","","Curl Bicipiti (Manubrio)",,"",1,"normal",7,10,,0,
"Giorno B","12 ago 2026, 18:31","12 ago 2026, 19:29","","Curl Bicipiti (Manubrio)",,"",2,"normal",7,8,,0,
"Giorno B","12 ago 2026, 18:31","12 ago 2026, 19:29","","Estensione Tricipiti (Manubrio)",,"",0,"normal",8,12,,0,
"Giorno B","12 ago 2026, 18:31","12 ago 2026, 19:29","","Estensione Tricipiti (Manubrio)",,"",1,"normal",8,12,,0,
"Giorno B","12 ago 2026, 18:31","12 ago 2026, 19:29","","Estensione Tricipiti (Manubrio)",,"",2,"normal",8,12,,0,
"Giorno B","12 ago 2026, 18:31","12 ago 2026, 19:29","","Estensione Tricipiti (Manubrio)",,"",3,"normal",8,12,,0,
"Giorno B","12 ago 2026, 18:31","12 ago 2026, 19:29","","Cable Crunch",,"",0,"normal",15,10,,0,
"Giorno B","12 ago 2026, 18:31","12 ago 2026, 19:29","","Cable Crunch",,"",1,"normal",15,10,,0,
"Giorno B","12 ago 2026, 18:31","12 ago 2026, 19:29","","Cable Crunch",,"",2,"normal",15,10,,0,
"Giorno A","11 ago 2026, 18:33","11 ago 2026, 20:24","","Ponte Glutei",,"",0,"normal",,25,,0,
"Giorno A","11 ago 2026, 18:33","11 ago 2026, 20:24","","Plank",,"",0,"normal",,0,,54,
"Giorno A","11 ago 2026, 18:33","11 ago 2026, 20:24","","Stacco da Terra Rumeno (Bilanciere)",,"",0,"normal",50,7,,0,
"Giorno A","11 ago 2026, 18:33","11 ago 2026, 20:24","","Stacco da Terra Rumeno (Bilanciere)",,"",1,"normal",50,7,,0,
"Giorno A","11 ago 2026, 18:33","11 ago 2026, 20:24","","Stacco da Terra Rumeno (Bilanciere)",,"",2,"normal",50,7,,0,
"Giorno A","11 ago 2026, 18:33","11 ago 2026, 20:24","","Stacco da Terra Rumeno (Bilanciere)",,"",3,"normal",50,7,,0,
"Giorno A","11 ago 2026, 18:33","11 ago 2026, 20:24","","Lento in Avanti in Piedi (Bilanciere)",,"",0,"normal",15,8,,0,
"Giorno A","11 ago 2026, 18:33","11 ago 2026, 20:24","","Lento in Avanti in Piedi (Bilanciere)",,"",1,"normal",15,8,,0,
"Giorno A","11 ago 2026, 18:33","11 ago 2026, 20:24","","Lento in Avanti in Piedi (Bilanciere)",,"",2,"normal",15,8,,0,
"Giorno A","11 ago 2026, 18:33","11 ago 2026, 20:24","","Lento in Avanti in Piedi (Bilanciere)",,"",3,"normal",15,8,,0,
"Giorno A","11 ago 2026, 18:33","11 ago 2026, 20:24","","Step Up",,"",0,"normal",,11,,0,
"Giorno A","11 ago 2026, 18:33","11 ago 2026, 20:24","","Step Up",,"",1,"normal",,11,,0,
"Giorno A","11 ago 2026, 18:33","11 ago 2026, 20:24","","Step Up",,"",2,"normal",,11,,0,
"Giorno A","11 ago 2026, 18:33","11 ago 2026, 20:24","","Pushdown Tricipiti",,"",0,"normal",7.5,11,,0,
"Giorno A","11 ago 2026, 18:33","11 ago 2026, 20:24","","Pushdown Tricipiti",,"",1,"normal",7.5,11,,0,
"Giorno A","11 ago 2026, 18:33","11 ago 2026, 20:24","","Pushdown Tricipiti",,"",2,"normal",7.5,11,,0,
"Giorno A","11 ago 2026, 18:33","11 ago 2026, 20:24","","Estensioni Glutei al Cavo",,"",0,"normal",7.5,10,,0,
"Giorno A","11 ago 2026, 18:33","11 ago 2026, 20:24","","Estensioni Glutei al Cavo",,"",1,"normal",7.5,10,,0,
"Giorno A","11 ago 2026, 18:33","11 ago 2026, 20:24","","Estensioni Glutei al Cavo",,"",2,"normal",7.5,10,,0,
"Giorno C","23 lug 2026, 18:40","23 lug 2026, 19:56","","Ponte Glutei",,"",0,"normal",,20,,0,
"Giorno C","23 lug 2026, 18:40","23 lug 2026, 19:56","","Plank",,"",0,"normal",,0,,70,
"Giorno C","23 lug 2026, 18:40","23 lug 2026, 19:56","","Hip Thrust (macchina)",,"",0,"normal",45,6,,0,
"Giorno C","23 lug 2026, 18:40","23 lug 2026, 19:56","","Hip Thrust (macchina)",,"",1,"normal",45,6,,0,
"Giorno C","23 lug 2026, 18:40","23 lug 2026, 19:56","","Hip Thrust (macchina)",,"",2,"normal",45,6,,0,
"Giorno C","23 lug 2026, 18:40","23 lug 2026, 19:56","","Hip Thrust (macchina)",,"",3,"normal",45,6,,0,
"Giorno C","23 lug 2026, 18:40","23 lug 2026, 19:56","","Stacco Rumeno a Gamba Singola (Manubrio)",,"",0,"normal",22,9,,0,
"Giorno C","23 lug 2026, 18:40","23 lug 2026, 19:56","","Stacco Rumeno a Gamba Singola (Manubrio)",,"",1,"normal",22,9,,0,
"Giorno C","23 lug 2026, 18:40","23 lug 2026, 19:56","","Stacco Rumeno a Gamba Singola (Manubrio)",,"",2,"normal",22,9,,0,
"Giorno C","23 lug 2026, 18:40","23 lug 2026, 19:56","","Affondi (Manubrio)",,"",0,"normal",8,9,,0,
"Giorno C","23 lug 2026, 18:40","23 lug 2026, 19:56","","Affondi (Manubrio)",,"",1,"normal",8,9,,0,
"Giorno C","23 lug 2026, 18:40","23 lug 2026, 19:56","","Affondi (Manubrio)",,"",2,"normal",8,9,,0,
"Giorno C","23 lug 2026, 18:40","23 lug 2026, 19:56","","Estensione Dorso (Ipertensione con Peso)",,"",0,"normal",10,9,,0,
"Giorno C","23 lug 2026, 18:40","23 lug 2026, 19:56","","Estensione Dorso (Ipertensione con Peso)",,"",1,"normal",10,9,,0,
"Giorno C","23 lug 2026, 18:40","23 lug 2026, 19:56","","Estensione Dorso (Ipertensione con Peso)",,"",2,"normal",10,9,,0,
"Giorno C","23 lug 2026, 18:40","23 lug 2026, 19:56","","Estensioni Glutei al Cavo",,"",0,"normal",10,10,,0,
"Giorno C","23 lug 2026, 18:40","23 lug 2026, 19:56","","Estensioni Glutei al Cavo",,"",1,"normal",10,10,,0,
"Giorno C","23 lug 2026, 18:40","23 lug 2026, 19:56","","Estensioni Glutei al Cavo",,"",2,"normal",10,10,,0,
"Giorno B","21 lug 2026, 18:32","21 lug 2026, 19:37","","Plank",,"",0,"normal",,0,,67,
"Giorno B","21 lug 2026, 18:32","21 lug 2026, 19:37","","Lat Pulldown (Cavo)",,"",0,"normal",40,7,,0,
"Giorno B","21 lug 2026, 18:32","21 lug 2026, 19:37","","Lat Pulldown (Cavo)",,"",1,"normal",40,7,,0,
"Giorno B","21 lug 2026, 18:32","21 lug 2026, 19:37","","Lat Pulldown (Cavo)",,"",2,"normal",35,7,,0,
"Giorno B","21 lug 2026, 18:32","21 lug 2026, 19:37","","Lat Pulldown (Cavo)",,"",3,"normal",35,7,,0,
"Giorno B","21 lug 2026, 18:32","21 lug 2026, 19:37","","Rematore Manubrio",,"",0,"normal",14,6,,0,
"Giorno B","21 lug 2026, 18:32","21 lug 2026, 19:37","","Rematore Manubrio",,"",1,"normal",14,6,,0,
"Giorno B","21 lug 2026, 18:32","21 lug 2026, 19:37","","Rematore Manubrio",,"",2,"normal",14,6,,0,
"Giorno B","21 lug 2026, 18:32","21 lug 2026, 19:37","","Aperture Laterali (Manubrio)",,"",0,"normal",4,10,,0,
"Giorno B","21 lug 2026, 18:32","21 lug 2026, 19:37","","Aperture Laterali (Manubrio)",,"",1,"normal",4,10,,0,
"Giorno B","21 lug 2026, 18:32","21 lug 2026, 19:37","","Aperture Laterali (Manubrio)",,"",2,"normal",4,10,,0,
"Giorno B","21 lug 2026, 18:32","21 lug 2026, 19:37","","Aperture Laterali (Manubrio)",,"",3,"normal",4,10,,0,
"Giorno B","21 lug 2026, 18:32","21 lug 2026, 19:37","","Curl Bicipiti (Manubrio)",,"",0,"normal",7,9,,0,
"Giorno B","21 lug 2026, 18:32","21 lug 2026, 19:37","","Curl Bicipiti (Manubrio)",,"",1,"normal",7,9,,0,
"Giorno B","21 lug 2026, 18:32","21 lug 2026, 19:37","","Curl Bicipiti (Manubrio)",,"",2,"normal",7,9,,0,
"Giorno B","21 lug 2026, 18:32","21 lug 2026, 19:37","","Estensione Tricipiti (Manubrio)",,"",0,"normal",8,12,,0,
"Giorno B","21 lug 2026, 18:32","21 lug 2026, 19:37","","Estensione Tricipiti (Manubrio)",,"",1,"normal",8,12,,0,
"Giorno B","21 lug 2026, 18:32","21 lug 2026, 19:37","","Estensione Tricipiti (Manubrio)",,"",2,"normal",8,12,,0,
"Giorno B","21 lug 2026, 18:32","21 lug 2026, 19:37","","Estensione Tricipiti (Manubrio)",,"",3,"normal",8,12,,0,
"Giorno B","21 lug 2026, 18:32","21 lug 2026, 19:37","","Cable Crunch",,"",0,"normal",15,9,,0,
"Giorno B","21 lug 2026, 18:32","21 lug 2026, 19:37","","Cable Crunch",,"",1,"normal",15,9,,0,
"Giorno B","21 lug 2026, 18:32","21 lug 2026, 19:37","","Cable Crunch",,"",2,"normal",15,9,,0,
"Giorno A","20 lug 2026, 19:02","20 lug 2026, 20:43","","Ponte Glutei",,"",0,"normal",,25,,0,
"Giorno A","20 lug 2026, 19:02","20 lug 2026, 20:43","","Plank",,"",0,"normal",,0,,73,
"Giorno A","20 lug 2026, 19:02","20 lug 2026, 20:43","","Stacco da Terra Rumeno (Bilanciere)",,"",0,"normal",50,7,,0,
"Giorno A","20 lug 2026, 19:02","20 lug 2026, 20:43","","Stacco da Terra Rumeno (Bilanciere)",,"",1,"normal",50,7,,0,
"Giorno A","20 lug 2026, 19:02","20 lug 2026, 20:43","","Stacco da Terra Rumeno (Bilanciere)",,"",2,"normal",50,7,,0,
"Giorno A","20 lug 2026, 19:02","20 lug 2026, 20:43","","Stacco da Terra Rumeno (Bilanciere)",,"",3,"normal",50,7,,0,
"Giorno A","20 lug 2026, 19:02","20 lug 2026, 20:43","","Lento in Avanti in Piedi (Bilanciere)",,"",0,"normal",15,7,,0,
"Giorno A","20 lug 2026, 19:02","20 lug 2026, 20:43","","Lento in Avanti in Piedi (Bilanciere)",,"",1,"normal",17.5,7,,0,
"Giorno A","20 lug 2026, 19:02","20 lug 2026, 20:43","","Lento in Avanti in Piedi (Bilanciere)",,"",2,"normal",17.5,7,,0,
"Giorno A","20 lug 2026, 19:02","20 lug 2026, 20:43","","Lento in Avanti in Piedi (Bilanciere)",,"",3,"normal",17.5,7,,0,
"Giorno A","20 lug 2026, 19:02","20 lug 2026, 20:43","","Step Up",,"",0,"normal",,8,,0,
"Giorno A","20 lug 2026, 19:02","20 lug 2026, 20:43","","Step Up",,"",1,"normal",,8,,0,
"Giorno A","20 lug 2026, 19:02","20 lug 2026, 20:43","","Step Up",,"",2,"normal",,8,,0,
"Giorno A","20 lug 2026, 19:02","20 lug 2026, 20:43","","Pushdown Tricipiti",,"",0,"normal",7.5,11,,0,
"Giorno A","20 lug 2026, 19:02","20 lug 2026, 20:43","","Pushdown Tricipiti",,"",1,"normal",7.5,11,,0,
"Giorno A","20 lug 2026, 19:02","20 lug 2026, 20:43","","Pushdown Tricipiti",,"",2,"normal",7.5,11,,0,
"Giorno A","20 lug 2026, 19:02","20 lug 2026, 20:43","","Estensioni Glutei al Cavo",,"",0,"normal",7.5,9,,0,
"Giorno A","20 lug 2026, 19:02","20 lug 2026, 20:43","","Estensioni Glutei al Cavo",,"",1,"normal",7.5,9,,0,
"Giorno A","20 lug 2026, 19:02","20 lug 2026, 20:43","","Estensioni Glutei al Cavo",,"",2,"normal",7.5,9,,0,
"Giorno C","15 lug 2026, 18:43","15 lug 2026, 19:56","","Ponte Glutei",,"",0,"normal",,25,,0,
"Giorno C","15 lug 2026, 18:43","15 lug 2026, 19:56","","Plank",,"",0,"normal",,0,,67,
"Giorno C","15 lug 2026, 18:43","15 lug 2026, 19:56","","Hip Thrust (macchina)",,"",0,"normal",40,9,,0,
"Giorno C","15 lug 2026, 18:43","15 lug 2026, 19:56","","Hip Thrust (macchina)",,"",1,"normal",40,9,,0,
"Giorno C","15 lug 2026, 18:43","15 lug 2026, 19:56","","Hip Thrust (macchina)",,"",2,"normal",40,9,,0,
"Giorno C","15 lug 2026, 18:43","15 lug 2026, 19:56","","Hip Thrust (macchina)",,"",3,"normal",40,9,,0,
"Giorno C","15 lug 2026, 18:43","15 lug 2026, 19:56","","Stacco Rumeno a Gamba Singola (Manubrio)",,"",0,"normal",22,9,,0,
"Giorno C","15 lug 2026, 18:43","15 lug 2026, 19:56","","Stacco Rumeno a Gamba Singola (Manubrio)",,"",1,"normal",22,9,,0,
"Giorno C","15 lug 2026, 18:43","15 lug 2026, 19:56","","Stacco Rumeno a Gamba Singola (Manubrio)",,"",2,"normal",22,9,,0,
"Giorno C","15 lug 2026, 18:43","15 lug 2026, 19:56","","Affondi (Manubrio)",,"",0,"normal",8,9,,0,
"Giorno C","15 lug 2026, 18:43","15 lug 2026, 19:56","","Affondi (Manubrio)",,"",1,"normal",8,9,,0,
"Giorno C","15 lug 2026, 18:43","15 lug 2026, 19:56","","Affondi (Manubrio)",,"",2,"normal",8,9,,0,
"Giorno C","15 lug 2026, 18:43","15 lug 2026, 19:56","","Estensione Dorso (Ipertensione con Peso)",,"",0,"normal",10,9,,0,
"Giorno C","15 lug 2026, 18:43","15 lug 2026, 19:56","","Estensione Dorso (Ipertensione con Peso)",,"",1,"normal",10,9,,0,
"Giorno C","15 lug 2026, 18:43","15 lug 2026, 19:56","","Estensione Dorso (Ipertensione con Peso)",,"",2,"normal",10,9,,0,
"Giorno C","15 lug 2026, 18:43","15 lug 2026, 19:56","","Estensioni Glutei al Cavo",,"",0,"normal",10,10,,0,
"Giorno C","15 lug 2026, 18:43","15 lug 2026, 19:56","","Estensioni Glutei al Cavo",,"",1,"normal",10,10,,0,
"Giorno C","15 lug 2026, 18:43","15 lug 2026, 19:56","","Estensioni Glutei al Cavo",,"",2,"normal",10,10,,0,
"Giorno B","14 lug 2026, 18:51","14 lug 2026, 19:56","","Plank",,"",0,"normal",,0,,67,
"Giorno B","14 lug 2026, 18:51","14 lug 2026, 19:56","","Lat Pulldown (Cavo)",,"",0,"normal",40,7,,0,
"Giorno B","14 lug 2026, 18:51","14 lug 2026, 19:56","","Lat Pulldown (Cavo)",,"",1,"normal",40,7,,0,
"Giorno B","14 lug 2026, 18:51","14 lug 2026, 19:56","","Lat Pulldown (Cavo)",,"",2,"normal",40,6,,0,
"Giorno B","14 lug 2026, 18:51","14 lug 2026, 19:56","","Lat Pulldown (Cavo)",,"",3,"normal",35,7,,0,
"Giorno B","14 lug 2026, 18:51","14 lug 2026, 19:56","","Rematore Manubrio",,"",0,"normal",12,9,,0,
"Giorno B","14 lug 2026, 18:51","14 lug 2026, 19:56","","Rematore Manubrio",,"",1,"normal",12,9,,0,
"Giorno B","14 lug 2026, 18:51","14 lug 2026, 19:56","","Rematore Manubrio",,"",2,"normal",12,9,,0,
"Giorno B","14 lug 2026, 18:51","14 lug 2026, 19:56","","Aperture Laterali (Manubrio)",,"",0,"normal",4,10,,0,
"Giorno B","14 lug 2026, 18:51","14 lug 2026, 19:56","","Aperture Laterali (Manubrio)",,"",1,"normal",4,10,,0,
"Giorno B","14 lug 2026, 18:51","14 lug 2026, 19:56","","Aperture Laterali (Manubrio)",,"",2,"normal",4,10,,0,
"Giorno B","14 lug 2026, 18:51","14 lug 2026, 19:56","","Aperture Laterali (Manubrio)",,"",3,"normal",4,10,,0,
"Giorno B","14 lug 2026, 18:51","14 lug 2026, 19:56","","Curl Bicipiti (Manubrio)",,"",0,"normal",7,9,,0,
"Giorno B","14 lug 2026, 18:51","14 lug 2026, 19:56","","Curl Bicipiti (Manubrio)",,"",1,"normal",7,9,,0,
"Giorno B","14 lug 2026, 18:51","14 lug 2026, 19:56","","Curl Bicipiti (Manubrio)",,"",2,"normal",7,9,,0,
"Giorno B","14 lug 2026, 18:51","14 lug 2026, 19:56","","Estensione Tricipiti (Manubrio)",,"",0,"normal",8,11,,0,
"Giorno B","14 lug 2026, 18:51","14 lug 2026, 19:56","","Estensione Tricipiti (Manubrio)",,"",1,"normal",8,11,,0,
"Giorno B","14 lug 2026, 18:51","14 lug 2026, 19:56","","Estensione Tricipiti (Manubrio)",,"",2,"normal",8,11,,0,
"Giorno B","14 lug 2026, 18:51","14 lug 2026, 19:56","","Estensione Tricipiti (Manubrio)",,"",3,"normal",8,11,,0,
"Giorno B","14 lug 2026, 18:51","14 lug 2026, 19:56","","Cable Crunch",,"",0,"normal",15,9,,0,
"Giorno B","14 lug 2026, 18:51","14 lug 2026, 19:56","","Cable Crunch",,"",1,"normal",15,9,,0,
"Giorno B","14 lug 2026, 18:51","14 lug 2026, 19:56","","Cable Crunch",,"",2,"normal",15,9,,0,
"Giorno A","13 lug 2026, 18:42","13 lug 2026, 19:47","","Ponte Glutei",,"",0,"normal",,25,,0,
"Giorno A","13 lug 2026, 18:42","13 lug 2026, 19:47","","Plank",,"",0,"normal",,0,,65,
"Giorno A","13 lug 2026, 18:42","13 lug 2026, 19:47","","Stacco da Terra Rumeno (Bilanciere)",,"",0,"normal",50,7,,0,
"Giorno A","13 lug 2026, 18:42","13 lug 2026, 19:47","","Stacco da Terra Rumeno (Bilanciere)",,"",1,"normal",50,7,,0,
"Giorno A","13 lug 2026, 18:42","13 lug 2026, 19:47","","Stacco da Terra Rumeno (Bilanciere)",,"",2,"normal",50,7,,0,
"Giorno A","13 lug 2026, 18:42","13 lug 2026, 19:47","","Stacco da Terra Rumeno (Bilanciere)",,"",3,"normal",50,7,,0,
"Giorno A","13 lug 2026, 18:42","13 lug 2026, 19:47","","Lento in Avanti in Piedi (Bilanciere)",,"",0,"normal",15,7,,0,
"Giorno A","13 lug 2026, 18:42","13 lug 2026, 19:47","","Lento in Avanti in Piedi (Bilanciere)",,"",1,"normal",17.5,7,,0,
"Giorno A","13 lug 2026, 18:42","13 lug 2026, 19:47","","Lento in Avanti in Piedi (Bilanciere)",,"",2,"normal",17.5,7,,0,
"Giorno A","13 lug 2026, 18:42","13 lug 2026, 19:47","","Lento in Avanti in Piedi (Bilanciere)",,"",3,"normal",17.5,7,,0,
"Giorno A","13 lug 2026, 18:42","13 lug 2026, 19:47","","Step Up",,"",0,"normal",,8,,0,
"Giorno A","13 lug 2026, 18:42","13 lug 2026, 19:47","","Step Up",,"",1,"normal",,8,,0,
"Giorno A","13 lug 2026, 18:42","13 lug 2026, 19:47","","Step Up",,"",2,"normal",,8,,0,
"Giorno A","13 lug 2026, 18:42","13 lug 2026, 19:47","","Pushdown Tricipiti",,"",0,"normal",7.5,10,,0,
"Giorno A","13 lug 2026, 18:42","13 lug 2026, 19:47","","Pushdown Tricipiti",,"",1,"normal",7.5,10,,0,
"Giorno A","13 lug 2026, 18:42","13 lug 2026, 19:47","","Pushdown Tricipiti",,"",2,"normal",7.5,10,,0,
"Giorno A","13 lug 2026, 18:42","13 lug 2026, 19:47","","Estensioni Glutei al Cavo",,"",0,"normal",7.5,9,,0,
"Giorno A","13 lug 2026, 18:42","13 lug 2026, 19:47","","Estensioni Glutei al Cavo",,"",1,"normal",7.5,9,,0,
"Giorno A","13 lug 2026, 18:42","13 lug 2026, 19:47","","Estensioni Glutei al Cavo",,"",2,"normal",7.5,9,,0,
"Giorno C","8 lug 2026, 18:39","8 lug 2026, 19:47","","Ponte Glutei",,"",0,"normal",,20,,0,
"Giorno C","8 lug 2026, 18:39","8 lug 2026, 19:47","","Plank",,"",0,"normal",,0,,56,
"Giorno C","8 lug 2026, 18:39","8 lug 2026, 19:47","","Hip Thrust (macchina)",,"",0,"normal",40,9,,0,
"Giorno C","8 lug 2026, 18:39","8 lug 2026, 19:47","","Hip Thrust (macchina)",,"",1,"normal",40,9,,0,
"Giorno C","8 lug 2026, 18:39","8 lug 2026, 19:47","","Hip Thrust (macchina)",,"",2,"normal",40,9,,0,
"Giorno C","8 lug 2026, 18:39","8 lug 2026, 19:47","","Hip Thrust (macchina)",,"",3,"normal",40,9,,0,
"Giorno C","8 lug 2026, 18:39","8 lug 2026, 19:47","","Stacco Rumeno a Gamba Singola (Manubrio)",,"",0,"normal",24,8,,0,
"Giorno C","8 lug 2026, 18:39","8 lug 2026, 19:47","","Stacco Rumeno a Gamba Singola (Manubrio)",,"",1,"normal",24,8,,0,
"Giorno C","8 lug 2026, 18:39","8 lug 2026, 19:47","","Stacco Rumeno a Gamba Singola (Manubrio)",,"",2,"normal",24,8,,0,
"Giorno C","8 lug 2026, 18:39","8 lug 2026, 19:47","","Affondi (Manubrio)",,"",0,"normal",8,8,,0,
"Giorno C","8 lug 2026, 18:39","8 lug 2026, 19:47","","Affondi (Manubrio)",,"",1,"normal",8,8,,0,
"Giorno C","8 lug 2026, 18:39","8 lug 2026, 19:47","","Affondi (Manubrio)",,"",2,"normal",8,8,,0,
"Giorno C","8 lug 2026, 18:39","8 lug 2026, 19:47","","Estensione Dorso (Ipertensione con Peso)",,"",0,"normal",10,8,,0,
"Giorno C","8 lug 2026, 18:39","8 lug 2026, 19:47","","Estensione Dorso (Ipertensione con Peso)",,"",1,"normal",10,8,,0,
"Giorno C","8 lug 2026, 18:39","8 lug 2026, 19:47","","Estensione Dorso (Ipertensione con Peso)",,"",2,"normal",10,8,,0,
"Giorno C","8 lug 2026, 18:39","8 lug 2026, 19:47","","Estensioni Glutei al Cavo",,"",0,"normal",10,10,,0,
"Giorno C","8 lug 2026, 18:39","8 lug 2026, 19:47","","Estensioni Glutei al Cavo",,"",1,"normal",10,10,,0,
"Giorno C","8 lug 2026, 18:39","8 lug 2026, 19:47","","Estensioni Glutei al Cavo",,"",2,"normal",10,10,,0,
"Giorno B","7 lug 2026, 18:30","7 lug 2026, 19:25","","Plank",,"",0,"normal",,0,,50,
"Giorno B","7 lug 2026, 18:30","7 lug 2026, 19:25","","Lat Pulldown (Cavo)",,"",0,"normal",40,6,,0,
"Giorno B","7 lug 2026, 18:30","7 lug 2026, 19:25","","Lat Pulldown (Cavo)",,"",1,"normal",40,5,,0,
"Giorno B","7 lug 2026, 18:30","7 lug 2026, 19:25","","Lat Pulldown (Cavo)",,"",2,"normal",35,6,,0,
"Giorno B","7 lug 2026, 18:30","7 lug 2026, 19:25","","Lat Pulldown (Cavo)",,"",3,"normal",35,6,,0,
"Giorno B","7 lug 2026, 18:30","7 lug 2026, 19:25","","Rematore Manubrio",,"",0,"normal",12,9,,0,
"Giorno B","7 lug 2026, 18:30","7 lug 2026, 19:25","","Rematore Manubrio",,"",1,"normal",12,9,,0,
"Giorno B","7 lug 2026, 18:30","7 lug 2026, 19:25","","Rematore Manubrio",,"",2,"normal",12,9,,0,
"Giorno B","7 lug 2026, 18:30","7 lug 2026, 19:25","","Aperture Laterali (Manubrio)",,"",0,"normal",4,10,,0,
"Giorno B","7 lug 2026, 18:30","7 lug 2026, 19:25","","Aperture Laterali (Manubrio)",,"",1,"normal",4,10,,0,
"Giorno B","7 lug 2026, 18:30","7 lug 2026, 19:25","","Aperture Laterali (Manubrio)",,"",2,"normal",4,10,,0,
"Giorno B","7 lug 2026, 18:30","7 lug 2026, 19:25","","Aperture Laterali (Manubrio)",,"",3,"normal",4,10,,0,
"Giorno B","7 lug 2026, 18:30","7 lug 2026, 19:25","","Curl Bicipiti (Manubrio)",,"",0,"normal",7,8,,0,
"Giorno B","7 lug 2026, 18:30","7 lug 2026, 19:25","","Curl Bicipiti (Manubrio)",,"",1,"normal",7,8,,0,
"Giorno B","7 lug 2026, 18:30","7 lug 2026, 19:25","","Curl Bicipiti (Manubrio)",,"",2,"normal",7,8,,0,
"Giorno B","7 lug 2026, 18:30","7 lug 2026, 19:25","","Estensione Tricipiti (Manubrio)",,"",0,"normal",8,11,,0,
"Giorno B","7 lug 2026, 18:30","7 lug 2026, 19:25","","Estensione Tricipiti (Manubrio)",,"",1,"normal",8,11,,0,
"Giorno B","7 lug 2026, 18:30","7 lug 2026, 19:25","","Estensione Tricipiti (Manubrio)",,"",2,"normal",8,11,,0,
"Giorno B","7 lug 2026, 18:30","7 lug 2026, 19:25","","Estensione Tricipiti (Manubrio)",,"",3,"normal",8,11,,0,
"Giorno B","7 lug 2026, 18:30","7 lug 2026, 19:25","","Cable Crunch",,"",0,"normal",15,8,,0,
"Giorno B","7 lug 2026, 18:30","7 lug 2026, 19:25","","Cable Crunch",,"",1,"normal",12.5,8,,0,
"Giorno B","7 lug 2026, 18:30","7 lug 2026, 19:25","","Cable Crunch",,"",2,"normal",15,8,,0,
"Giorno A","6 lug 2026, 19:13","6 lug 2026, 20:23","","Ponte Glutei",,"",0,"normal",,25,,0,
"Giorno A","6 lug 2026, 19:13","6 lug 2026, 20:23","","Plank",,"",0,"normal",,0,,48,
"Giorno A","6 lug 2026, 19:13","6 lug 2026, 20:23","","Stacco da Terra Rumeno (Bilanciere)",,"",0,"normal",50,6,,0,
"Giorno A","6 lug 2026, 19:13","6 lug 2026, 20:23","","Stacco da Terra Rumeno (Bilanciere)",,"",1,"normal",50,6,,0,
"Giorno A","6 lug 2026, 19:13","6 lug 2026, 20:23","","Stacco da Terra Rumeno (Bilanciere)",,"",2,"normal",50,6,,0,
"Giorno A","6 lug 2026, 19:13","6 lug 2026, 20:23","","Stacco da Terra Rumeno (Bilanciere)",,"",3,"normal",50,6,,0,
"Giorno A","6 lug 2026, 19:13","6 lug 2026, 20:23","","Lento in Avanti in Piedi (Bilanciere)",,"",0,"normal",15,6,,0,
"Giorno A","6 lug 2026, 19:13","6 lug 2026, 20:23","","Lento in Avanti in Piedi (Bilanciere)",,"",1,"normal",17.5,6,,0,
"Giorno A","6 lug 2026, 19:13","6 lug 2026, 20:23","","Lento in Avanti in Piedi (Bilanciere)",,"",2,"normal",17.5,6,,0,
"Giorno A","6 lug 2026, 19:13","6 lug 2026, 20:23","","Lento in Avanti in Piedi (Bilanciere)",,"",3,"normal",17.5,6,,0,
"Giorno A","6 lug 2026, 19:13","6 lug 2026, 20:23","","Step Up",,"",0,"normal",,8,,0,
"Giorno A","6 lug 2026, 19:13","6 lug 2026, 20:23","","Step Up",,"",1,"normal",,8,,0,
"Giorno A","6 lug 2026, 19:13","6 lug 2026, 20:23","","Step Up",,"",2,"normal",,8,,0,
"Giorno A","6 lug 2026, 19:13","6 lug 2026, 20:23","","Pushdown Tricipiti",,"",0,"normal",7.5,10,,0,
"Giorno A","6 lug 2026, 19:13","6 lug 2026, 20:23","","Pushdown Tricipiti",,"",1,"normal",7.5,10,,0,
"Giorno A","6 lug 2026, 19:13","6 lug 2026, 20:23","","Pushdown Tricipiti",,"",2,"normal",7.5,10,,0,
"Giorno A","6 lug 2026, 19:13","6 lug 2026, 20:23","","Estensioni Glutei al Cavo",,"",0,"normal",7.5,8,,0,
"Giorno A","6 lug 2026, 19:13","6 lug 2026, 20:23","","Estensioni Glutei al Cavo",,"",1,"normal",7.5,8,,0,
"Giorno A","6 lug 2026, 19:13","6 lug 2026, 20:23","","Estensioni Glutei al Cavo",,"",2,"normal",7.5,8,,0,
"Giorno B","5 lug 2026, 16:40","5 lug 2026, 17:40","","Plank",,"",0,"normal",,0,,60,
"Giorno B","5 lug 2026, 16:40","5 lug 2026, 17:40","","Lat Pulldown (Cavo)",,"",0,"normal",40,6,,0,
"Giorno B","5 lug 2026, 16:40","5 lug 2026, 17:40","","Lat Pulldown (Cavo)",,"",1,"normal",35,6,,0,
"Giorno B","5 lug 2026, 16:40","5 lug 2026, 17:40","","Lat Pulldown (Cavo)",,"",2,"normal",35,6,,0,
"Giorno B","5 lug 2026, 16:40","5 lug 2026, 17:40","","Lat Pulldown (Cavo)",,"",3,"normal",35,6,,0,
"Giorno B","5 lug 2026, 16:40","5 lug 2026, 17:40","","Rematore Manubrio",,"",0,"normal",10,8,,0,
"Giorno B","5 lug 2026, 16:40","5 lug 2026, 17:40","","Rematore Manubrio",,"",1,"normal",10,8,,0,
"Giorno B","5 lug 2026, 16:40","5 lug 2026, 17:40","","Rematore Manubrio",,"",2,"normal",10,8,,0,
"Giorno B","5 lug 2026, 16:40","5 lug 2026, 17:40","","Aperture Laterali (Manubrio)",,"",0,"normal",4,10,,0,
"Giorno B","5 lug 2026, 16:40","5 lug 2026, 17:40","","Aperture Laterali (Manubrio)",,"",1,"normal",4,10,,0,
"Giorno B","5 lug 2026, 16:40","5 lug 2026, 17:40","","Aperture Laterali (Manubrio)",,"",2,"normal",4,10,,0,
"Giorno B","5 lug 2026, 16:40","5 lug 2026, 17:40","","Aperture Laterali (Manubrio)",,"",3,"normal",4,10,,0,
"Giorno B","5 lug 2026, 16:40","5 lug 2026, 17:40","","Curl Bicipiti (Manubrio)",,"",0,"normal",6,8,,0,
"Giorno B","5 lug 2026, 16:40","5 lug 2026, 17:40","","Curl Bicipiti (Manubrio)",,"",1,"normal",6,8,,0,
"Giorno B","5 lug 2026, 16:40","5 lug 2026, 17:40","","Curl Bicipiti (Manubrio)",,"",2,"normal",6,8,,0,
"Giorno B","5 lug 2026, 16:40","5 lug 2026, 17:40","","Estensione Tricipiti (Manubrio)",,"",0,"normal",6,10,,0,
"Giorno B","5 lug 2026, 16:40","5 lug 2026, 17:40","","Estensione Tricipiti (Manubrio)",,"",1,"normal",8,10,,0,
"Giorno B","5 lug 2026, 16:40","5 lug 2026, 17:40","","Estensione Tricipiti (Manubrio)",,"",2,"normal",8,10,,0,
"Giorno B","5 lug 2026, 16:40","5 lug 2026, 17:40","","Estensione Tricipiti (Manubrio)",,"",3,"normal",8,8,,0,
"Giorno B","5 lug 2026, 16:40","5 lug 2026, 17:40","","Cable Crunch",,"",0,"normal",15,8,,0,
"Giorno B","5 lug 2026, 16:40","5 lug 2026, 17:40","","Cable Crunch",,"",1,"normal",12.5,8,,0,
"Giorno B","5 lug 2026, 16:40","5 lug 2026, 17:40","","Cable Crunch",,"",2,"normal",15,8,,0,
"Giorno C","3 lug 2026, 19:06","3 lug 2026, 20:27","","Ponte Glutei",,"",0,"normal",,20,,0,
"Giorno C","3 lug 2026, 19:06","3 lug 2026, 20:27","","Plank",,"",0,"normal",,0,,66,
"Giorno C","3 lug 2026, 19:06","3 lug 2026, 20:27","","Hip Thrust (macchina)",,"",0,"normal",37.5,8,,0,
"Giorno C","3 lug 2026, 19:06","3 lug 2026, 20:27","","Hip Thrust (macchina)",,"",1,"normal",37.5,8,,0,
"Giorno C","3 lug 2026, 19:06","3 lug 2026, 20:27","","Hip Thrust (macchina)",,"",2,"normal",37.5,8,,0,
"Giorno C","3 lug 2026, 19:06","3 lug 2026, 20:27","","Hip Thrust (macchina)",,"",3,"normal",37.5,8,,0,
"Giorno C","3 lug 2026, 19:06","3 lug 2026, 20:27","","Stacco Rumeno a Gamba Singola (Manubrio)",,"",0,"normal",22,8,,0,
"Giorno C","3 lug 2026, 19:06","3 lug 2026, 20:27","","Stacco Rumeno a Gamba Singola (Manubrio)",,"",1,"normal",22,8,,0,
"Giorno C","3 lug 2026, 19:06","3 lug 2026, 20:27","","Stacco Rumeno a Gamba Singola (Manubrio)",,"",2,"normal",22,8,,0,
"Giorno C","3 lug 2026, 19:06","3 lug 2026, 20:27","","Affondi (Manubrio)",,"",0,"normal",8,8,,0,
"Giorno C","3 lug 2026, 19:06","3 lug 2026, 20:27","","Affondi (Manubrio)",,"",1,"normal",8,8,,0,
"Giorno C","3 lug 2026, 19:06","3 lug 2026, 20:27","","Affondi (Manubrio)",,"",2,"normal",8,8,,0,
"Giorno C","3 lug 2026, 19:06","3 lug 2026, 20:27","","Estensione Dorso (Ipertensione con Peso)",,"",0,"normal",10,8,,0,
"Giorno C","3 lug 2026, 19:06","3 lug 2026, 20:27","","Estensione Dorso (Ipertensione con Peso)",,"",1,"normal",8,8,,0,
"Giorno C","3 lug 2026, 19:06","3 lug 2026, 20:27","","Estensione Dorso (Ipertensione con Peso)",,"",2,"normal",8,8,,0,
"Giorno C","3 lug 2026, 19:06","3 lug 2026, 20:27","","Estensioni Glutei al Cavo",,"",0,"normal",10,10,,0,
"Giorno C","3 lug 2026, 19:06","3 lug 2026, 20:27","","Estensioni Glutei al Cavo",,"",1,"normal",10,10,,0,
"Giorno C","3 lug 2026, 19:06","3 lug 2026, 20:27","","Estensioni Glutei al Cavo",,"",2,"normal",10,10,,0,
"Giorno A","30 giu 2026, 19:14","30 giu 2026, 20:38","","Ponte Glutei",,"",0,"normal",,25,,,
"Giorno A","30 giu 2026, 19:14","30 giu 2026, 20:38","","Plank",,"",0,"normal",,,,59,
"Giorno A","30 giu 2026, 19:14","30 giu 2026, 20:38","","Stacco da Terra Rumeno (Bilanciere)",,"",0,"normal",50,6,,,
"Giorno A","30 giu 2026, 19:14","30 giu 2026, 20:38","","Stacco da Terra Rumeno (Bilanciere)",,"",1,"normal",50,6,,,
"Giorno A","30 giu 2026, 19:14","30 giu 2026, 20:38","","Stacco da Terra Rumeno (Bilanciere)",,"",2,"normal",50,6,,,
"Giorno A","30 giu 2026, 19:14","30 giu 2026, 20:38","","Stacco da Terra Rumeno (Bilanciere)",,"",3,"normal",50,6,,,
"Giorno A","30 giu 2026, 19:14","30 giu 2026, 20:38","","Lento in Avanti in Piedi (Bilanciere)",,"",0,"normal",15,6,,,
"Giorno A","30 giu 2026, 19:14","30 giu 2026, 20:38","","Lento in Avanti in Piedi (Bilanciere)",,"",1,"normal",15,6,,,
"Giorno A","30 giu 2026, 19:14","30 giu 2026, 20:38","","Lento in Avanti in Piedi (Bilanciere)",,"",2,"normal",15,6,,,
"Giorno A","30 giu 2026, 19:14","30 giu 2026, 20:38","","Lento in Avanti in Piedi (Bilanciere)",,"",3,"normal",15,6,,,
"Giorno A","30 giu 2026, 19:14","30 giu 2026, 20:38","","Step Up",,"",0,"normal",,8,,,
"Giorno A","30 giu 2026, 19:14","30 giu 2026, 20:38","","Step Up",,"",1,"normal",,8,,,
"Giorno A","30 giu 2026, 19:14","30 giu 2026, 20:38","","Step Up",,"",2,"normal",,8,,,
"Giorno A","30 giu 2026, 19:14","30 giu 2026, 20:38","","Pushdown Tricipiti",,"",0,"normal",12.5,10,,,
"Giorno A","30 giu 2026, 19:14","30 giu 2026, 20:38","","Pushdown Tricipiti",,"",1,"normal",10,10,,,
"Giorno A","30 giu 2026, 19:14","30 giu 2026, 20:38","","Pushdown Tricipiti",,"",2,"normal",10,10,,,
"Giorno A","30 giu 2026, 19:14","30 giu 2026, 20:38","","Estensioni Glutei al Cavo",,"",0,"normal",7.5,8,,,
"Giorno A","30 giu 2026, 19:14","30 giu 2026, 20:38","","Estensioni Glutei al Cavo",,"",1,"normal",7.5,8,,,
"Giorno A","30 giu 2026, 19:14","30 giu 2026, 20:38","","Estensioni Glutei al Cavo",,"",2,"normal",7.5,8,,,
"Giorno C","29 giu 2026, 18:40","29 giu 2026, 20:03","","Ponte Glutei",,"",0,"normal",,20,,0,
"Giorno C","29 giu 2026, 18:40","29 giu 2026, 20:03","","Plank",,"",0,"normal",,0,,54,
"Giorno C","29 giu 2026, 18:40","29 giu 2026, 20:03","","Stacco da Terra Rumeno (Bilanciere)",,"",0,"normal",47,6,,0,
"Giorno C","29 giu 2026, 18:40","29 giu 2026, 20:03","","Stacco da Terra Rumeno (Bilanciere)",,"",1,"normal",47,6,,0,
"Giorno C","29 giu 2026, 18:40","29 giu 2026, 20:03","","Stacco da Terra Rumeno (Bilanciere)",,"",2,"normal",47,6,,0,
"Giorno C","29 giu 2026, 18:40","29 giu 2026, 20:03","","Stacco da Terra Rumeno (Bilanciere)",,"",3,"normal",47,6,,0,
"Giorno C","29 giu 2026, 18:40","29 giu 2026, 20:03","","Hip Thrust (macchina)",,"",0,"normal",40,7,,0,
"Giorno C","29 giu 2026, 18:40","29 giu 2026, 20:03","","Hip Thrust (macchina)",,"",1,"normal",40,7,,0,
"Giorno C","29 giu 2026, 18:40","29 giu 2026, 20:03","","Hip Thrust (macchina)",,"",2,"normal",40,7,,0,
"Giorno C","29 giu 2026, 18:40","29 giu 2026, 20:03","","Affondo Bulgaro",,"",0,"normal",8,10,,0,
"Giorno C","29 giu 2026, 18:40","29 giu 2026, 20:03","","Affondo Bulgaro",,"",1,"normal",8,10,,0,
"Giorno C","29 giu 2026, 18:40","29 giu 2026, 20:03","","Affondo Bulgaro",,"",2,"normal",8,10,,0,
"Giorno C","29 giu 2026, 18:40","29 giu 2026, 20:03","","Estensioni Glutei al Cavo",,"",0,"normal",10,11,,0,
"Giorno C","29 giu 2026, 18:40","29 giu 2026, 20:03","","Estensioni Glutei al Cavo",,"",1,"normal",10,11,,0,
"Giorno C","29 giu 2026, 18:40","29 giu 2026, 20:03","","Estensioni Glutei al Cavo",,"",2,"normal",10,11,,0,
"Giorno C","29 giu 2026, 18:40","29 giu 2026, 20:03","","Leg Curl Seduto (Macchina)",,"",0,"normal",30,14,,0,
"Giorno C","29 giu 2026, 18:40","29 giu 2026, 20:03","","Leg Curl Seduto (Macchina)",,"",1,"normal",30,14,,0,
"Giorno C","29 giu 2026, 18:40","29 giu 2026, 20:03","","Leg Curl Seduto (Macchina)",,"",2,"normal",30,14,,0,
"Giorno B","16 giu 2026, 18:45","16 giu 2026, 19:49","","Plank",,"",0,"normal",,0,,45,
"Giorno B","16 giu 2026, 18:45","16 giu 2026, 19:49","","Lat Pulldown (Cavo)",,"",0,"normal",40,7,,0,
"Giorno B","16 giu 2026, 18:45","16 giu 2026, 19:49","","Lat Pulldown (Cavo)",,"",1,"normal",40,7,,0,
"Giorno B","16 giu 2026, 18:45","16 giu 2026, 19:49","","Lat Pulldown (Cavo)",,"",2,"normal",40,7,,0,
"Giorno B","16 giu 2026, 18:45","16 giu 2026, 19:49","","Lat Pulldown (Cavo)",,"",3,"normal",40,7,,0,
"Giorno B","16 giu 2026, 18:45","16 giu 2026, 19:49","","Lento in Avanti (Manubrio)",,"",0,"normal",10,6,,0,
"Giorno B","16 giu 2026, 18:45","16 giu 2026, 19:49","","Lento in Avanti (Manubrio)",,"",1,"normal",10,6,,0,
"Giorno B","16 giu 2026, 18:45","16 giu 2026, 19:49","","Lento in Avanti (Manubrio)",,"",2,"normal",10,6,,0,
"Giorno B","16 giu 2026, 18:45","16 giu 2026, 19:49","","Lento in Avanti (Manubrio)",,"",3,"normal",10,5,,0,
"Giorno B","16 giu 2026, 18:45","16 giu 2026, 19:49","","Rematore al Cavo da Seduto - Presa Larga",,"",0,"normal",20,13,,0,
"Giorno B","16 giu 2026, 18:45","16 giu 2026, 19:49","","Rematore al Cavo da Seduto - Presa Larga",,"",1,"normal",20,13,,0,
"Giorno B","16 giu 2026, 18:45","16 giu 2026, 19:49","","Rematore al Cavo da Seduto - Presa Larga",,"",2,"normal",20,10,,0,
"Giorno B","16 giu 2026, 18:45","16 giu 2026, 19:49","","Curl Bicipiti con EZ Bar",,"",0,"normal",2.5,10,,0,
"Giorno B","16 giu 2026, 18:45","16 giu 2026, 19:49","","Curl Bicipiti con EZ Bar",,"",1,"normal",2.5,10,,0,
"Giorno B","16 giu 2026, 18:45","16 giu 2026, 19:49","","Curl Bicipiti con EZ Bar",,"",2,"normal",2.5,10,,0,
"Giorno B","16 giu 2026, 18:45","16 giu 2026, 19:49","","Pushdown Tricipiti con Corda",,"",0,"normal",10,9,,0,
"Giorno B","16 giu 2026, 18:45","16 giu 2026, 19:49","","Pushdown Tricipiti con Corda",,"",1,"normal",10,9,,0,
"Giorno B","16 giu 2026, 18:45","16 giu 2026, 19:49","","Pushdown Tricipiti con Corda",,"",2,"normal",10,9,,0,
"Giorno B","16 giu 2026, 18:45","16 giu 2026, 19:49","","Pushdown Tricipiti con Corda",,"",3,"normal",10,9,,0,
"Giorno B","16 giu 2026, 18:45","16 giu 2026, 19:49","","Crunch (Con Peso Aggiunto)",,"",0,"normal",5,13,,0,
"Giorno B","16 giu 2026, 18:45","16 giu 2026, 19:49","","Crunch (Con Peso Aggiunto)",,"",1,"normal",5,13,,0,
"Giorno B","16 giu 2026, 18:45","16 giu 2026, 19:49","","Crunch (Con Peso Aggiunto)",,"",2,"normal",5,13,,0,
"Giorno A","15 giu 2026, 18:46","15 giu 2026, 20:02","","Ponte Glutei",,"",0,"normal",,20,,0,
"Giorno A","15 giu 2026, 18:46","15 giu 2026, 20:02","","Plank",,"",0,"normal",,0,,55,
"Giorno A","15 giu 2026, 18:46","15 giu 2026, 20:02","","Hip Thrust (macchina)",,"",0,"normal",40,7,,0,
"Giorno A","15 giu 2026, 18:46","15 giu 2026, 20:02","","Hip Thrust (macchina)",,"",1,"normal",40,7,,0,
"Giorno A","15 giu 2026, 18:46","15 giu 2026, 20:02","","Hip Thrust (macchina)",,"",2,"normal",40,6,,0,
"Giorno A","15 giu 2026, 18:46","15 giu 2026, 20:02","","Hip Thrust (macchina)",,"",3,"normal",40,7,,0,
"Giorno A","15 giu 2026, 18:46","15 giu 2026, 20:02","","Rematore al Cavo da Seduto",,"",0,"normal",25,8,,0,
"Giorno A","15 giu 2026, 18:46","15 giu 2026, 20:02","","Rematore al Cavo da Seduto",,"",1,"normal",25,8,,0,
"Giorno A","15 giu 2026, 18:46","15 giu 2026, 20:02","","Rematore al Cavo da Seduto",,"",2,"normal",25,8,,0,
"Giorno A","15 giu 2026, 18:46","15 giu 2026, 20:02","","Rematore al Cavo da Seduto",,"",3,"normal",25,8,,0,
"Giorno A","15 giu 2026, 18:46","15 giu 2026, 20:02","","Stacco Rumeno a Gamba Singola (Manubrio)",,"",0,"normal",20,10,,0,
"Giorno A","15 giu 2026, 18:46","15 giu 2026, 20:02","","Stacco Rumeno a Gamba Singola (Manubrio)",,"",1,"normal",20,10,,0,
"Giorno A","15 giu 2026, 18:46","15 giu 2026, 20:02","","Stacco Rumeno a Gamba Singola (Manubrio)",,"",2,"normal",20,10,,0,
"Giorno A","15 giu 2026, 18:46","15 giu 2026, 20:02","","Aperture Laterali (Manubrio)",,"",0,"normal",4,12,,0,
"Giorno A","15 giu 2026, 18:46","15 giu 2026, 20:02","","Aperture Laterali (Manubrio)",,"",1,"normal",4,12,,0,
"Giorno A","15 giu 2026, 18:46","15 giu 2026, 20:02","","Aperture Laterali (Manubrio)",,"",2,"normal",4,12,,0,
"Giorno A","15 giu 2026, 18:46","15 giu 2026, 20:02","","Aperture Laterali (Manubrio)",,"",3,"normal",4,12,,0,
"Giorno A","15 giu 2026, 18:46","15 giu 2026, 20:02","","Estensione Dorso (Ipertensione con Peso)",,"",0,"normal",8,11,,0,
"Giorno A","15 giu 2026, 18:46","15 giu 2026, 20:02","","Estensione Dorso (Ipertensione con Peso)",,"",1,"normal",8,11,,0,
"Giorno A","15 giu 2026, 18:46","15 giu 2026, 20:02","","Estensione Dorso (Ipertensione con Peso)",,"",2,"normal",8,11,,0,
"Giorno A","15 giu 2026, 18:46","15 giu 2026, 20:02","","Calf Raise Gamba Singola in Piedi ",,"",0,"normal",,23,,0,
"Giorno A","15 giu 2026, 18:46","15 giu 2026, 20:02","","Calf Raise Gamba Singola in Piedi ",,"",1,"normal",,15,,0,
"Giorno A","15 giu 2026, 18:46","15 giu 2026, 20:02","","Calf Raise Gamba Singola in Piedi ",,"",2,"normal",,13,,0,
"Giorno C","12 giu 2026, 18:36","12 giu 2026, 19:54","","Ponte Glutei",,"",0,"normal",,20,,0,
"Giorno C","12 giu 2026, 18:36","12 giu 2026, 19:54","","Plank",,"",0,"normal",,0,,56,
"Giorno C","12 giu 2026, 18:36","12 giu 2026, 19:54","","Stacco da Terra Rumeno (Bilanciere)",,"",0,"normal",47,6,,0,
"Giorno C","12 giu 2026, 18:36","12 giu 2026, 19:54","","Stacco da Terra Rumeno (Bilanciere)",,"",1,"normal",47,6,,0,
"Giorno C","12 giu 2026, 18:36","12 giu 2026, 19:54","","Stacco da Terra Rumeno (Bilanciere)",,"",2,"normal",47,6,,0,
"Giorno C","12 giu 2026, 18:36","12 giu 2026, 19:54","","Stacco da Terra Rumeno (Bilanciere)",,"",3,"normal",47,6,,0,
"Giorno C","12 giu 2026, 18:36","12 giu 2026, 19:54","","Hip Thrust (macchina)",,"",0,"normal",40,6,,0,
"Giorno C","12 giu 2026, 18:36","12 giu 2026, 19:54","","Hip Thrust (macchina)",,"",1,"normal",40,6,,0,
"Giorno C","12 giu 2026, 18:36","12 giu 2026, 19:54","","Hip Thrust (macchina)",,"",2,"normal",40,6,,0,
"Giorno C","12 giu 2026, 18:36","12 giu 2026, 19:54","","Affondo Bulgaro",,"",0,"normal",8,10,,0,
"Giorno C","12 giu 2026, 18:36","12 giu 2026, 19:54","","Affondo Bulgaro",,"",1,"normal",8,10,,0,
"Giorno C","12 giu 2026, 18:36","12 giu 2026, 19:54","","Affondo Bulgaro",,"",2,"normal",8,10,,0,
"Giorno C","12 giu 2026, 18:36","12 giu 2026, 19:54","","Estensioni Glutei al Cavo",,"",0,"normal",10,11,,0,
"Giorno C","12 giu 2026, 18:36","12 giu 2026, 19:54","","Estensioni Glutei al Cavo",,"",1,"normal",10,11,,0,
"Giorno C","12 giu 2026, 18:36","12 giu 2026, 19:54","","Estensioni Glutei al Cavo",,"",2,"normal",10,11,,0,
"Giorno C","12 giu 2026, 18:36","12 giu 2026, 19:54","","Leg Curl Seduto (Macchina)",,"",0,"normal",30,13,,0,
"Giorno C","12 giu 2026, 18:36","12 giu 2026, 19:54","","Leg Curl Seduto (Macchina)",,"",1,"normal",30,13,,0,
"Giorno C","12 giu 2026, 18:36","12 giu 2026, 19:54","","Leg Curl Seduto (Macchina)",,"",2,"normal",30,13,,0,
"Giorno B","9 giu 2026, 18:34","9 giu 2026, 19:42","","Plank",,"",0,"normal",,0,,47,
"Giorno B","9 giu 2026, 18:34","9 giu 2026, 19:42","","Lat Pulldown (Cavo)",,"",0,"normal",40,7,,0,
"Giorno B","9 giu 2026, 18:34","9 giu 2026, 19:42","","Lat Pulldown (Cavo)",,"",1,"normal",40,7,,0,
"Giorno B","9 giu 2026, 18:34","9 giu 2026, 19:42","","Lat Pulldown (Cavo)",,"",2,"normal",40,7,,0,
"Giorno B","9 giu 2026, 18:34","9 giu 2026, 19:42","","Lat Pulldown (Cavo)",,"",3,"normal",40,7,,0,
"Giorno B","9 giu 2026, 18:34","9 giu 2026, 19:42","","Lento in Avanti (Manubrio)",,"",0,"normal",10,6,,0,
"Giorno B","9 giu 2026, 18:34","9 giu 2026, 19:42","","Lento in Avanti (Manubrio)",,"",1,"normal",10,6,,0,
"Giorno B","9 giu 2026, 18:34","9 giu 2026, 19:42","","Lento in Avanti (Manubrio)",,"",2,"normal",10,6,,0,
"Giorno B","9 giu 2026, 18:34","9 giu 2026, 19:42","","Lento in Avanti (Manubrio)",,"",3,"normal",10,5,,0,
"Giorno B","9 giu 2026, 18:34","9 giu 2026, 19:42","","Rematore al Cavo da Seduto - Presa Larga",,"",0,"normal",20,13,,0,
"Giorno B","9 giu 2026, 18:34","9 giu 2026, 19:42","","Rematore al Cavo da Seduto - Presa Larga",,"",1,"normal",20,13,,0,
"Giorno B","9 giu 2026, 18:34","9 giu 2026, 19:42","","Rematore al Cavo da Seduto - Presa Larga",,"",2,"normal",20,10,,0,
"Giorno B","9 giu 2026, 18:34","9 giu 2026, 19:42","","Curl Bicipiti con EZ Bar",,"",0,"normal",2.5,10,,0,
"Giorno B","9 giu 2026, 18:34","9 giu 2026, 19:42","","Curl Bicipiti con EZ Bar",,"",1,"normal",2.5,10,,0,
"Giorno B","9 giu 2026, 18:34","9 giu 2026, 19:42","","Curl Bicipiti con EZ Bar",,"",2,"normal",2.5,10,,0,
"Giorno B","9 giu 2026, 18:34","9 giu 2026, 19:42","","Pushdown Tricipiti con Corda",,"",0,"normal",10,8,,0,
"Giorno B","9 giu 2026, 18:34","9 giu 2026, 19:42","","Pushdown Tricipiti con Corda",,"",1,"normal",10,8,,0,
"Giorno B","9 giu 2026, 18:34","9 giu 2026, 19:42","","Pushdown Tricipiti con Corda",,"",2,"normal",10,8,,0,
"Giorno B","9 giu 2026, 18:34","9 giu 2026, 19:42","","Pushdown Tricipiti con Corda",,"",3,"normal",10,8,,0,
"Giorno B","9 giu 2026, 18:34","9 giu 2026, 19:42","","Crunch (Con Peso Aggiunto)",,"",0,"normal",5,12,,0,
"Giorno B","9 giu 2026, 18:34","9 giu 2026, 19:42","","Crunch (Con Peso Aggiunto)",,"",1,"normal",5,12,,0,
"Giorno B","9 giu 2026, 18:34","9 giu 2026, 19:42","","Crunch (Con Peso Aggiunto)",,"",2,"normal",5,12,,0,
"Giorno A","8 giu 2026, 18:45","8 giu 2026, 20:07","","Ponte Glutei",,"",0,"normal",,20,,0,
"Giorno A","8 giu 2026, 18:45","8 giu 2026, 20:07","","Plank",,"",0,"normal",,0,,57,
"Giorno A","8 giu 2026, 18:45","8 giu 2026, 20:07","","Hip Thrust (macchina)",,"",0,"normal",40,7,,0,
"Giorno A","8 giu 2026, 18:45","8 giu 2026, 20:07","","Hip Thrust (macchina)",,"",1,"normal",40,7,,0,
"Giorno A","8 giu 2026, 18:45","8 giu 2026, 20:07","","Hip Thrust (macchina)",,"",2,"normal",40,7,,0,
"Giorno A","8 giu 2026, 18:45","8 giu 2026, 20:07","","Hip Thrust (macchina)",,"",3,"normal",40,7,,0,
"Giorno A","8 giu 2026, 18:45","8 giu 2026, 20:07","","Rematore al Cavo da Seduto",,"",0,"normal",20,10,,0,
"Giorno A","8 giu 2026, 18:45","8 giu 2026, 20:07","","Rematore al Cavo da Seduto",,"",1,"normal",20,10,,0,
"Giorno A","8 giu 2026, 18:45","8 giu 2026, 20:07","","Rematore al Cavo da Seduto",,"",2,"normal",20,10,,0,
"Giorno A","8 giu 2026, 18:45","8 giu 2026, 20:07","","Rematore al Cavo da Seduto",,"",3,"normal",20,10,,0,
"Giorno A","8 giu 2026, 18:45","8 giu 2026, 20:07","","Stacco Rumeno a Gamba Singola (Manubrio)",,"",0,"normal",20,10,,0,
"Giorno A","8 giu 2026, 18:45","8 giu 2026, 20:07","","Stacco Rumeno a Gamba Singola (Manubrio)",,"",1,"normal",20,10,,0,
"Giorno A","8 giu 2026, 18:45","8 giu 2026, 20:07","","Stacco Rumeno a Gamba Singola (Manubrio)",,"",2,"normal",20,10,,0,
"Giorno A","8 giu 2026, 18:45","8 giu 2026, 20:07","","Aperture Laterali (Manubrio)",,"",0,"normal",4,11,,0,
"Giorno A","8 giu 2026, 18:45","8 giu 2026, 20:07","","Aperture Laterali (Manubrio)",,"",1,"normal",4,11,,0,
"Giorno A","8 giu 2026, 18:45","8 giu 2026, 20:07","","Aperture Laterali (Manubrio)",,"",2,"normal",4,11,,0,
"Giorno A","8 giu 2026, 18:45","8 giu 2026, 20:07","","Aperture Laterali (Manubrio)",,"",3,"normal",4,11,,0,
"Giorno A","8 giu 2026, 18:45","8 giu 2026, 20:07","","Estensione Dorso (Ipertensione con Peso)",,"",0,"normal",8,11,,0,
"Giorno A","8 giu 2026, 18:45","8 giu 2026, 20:07","","Estensione Dorso (Ipertensione con Peso)",,"",1,"normal",8,11,,0,
"Giorno A","8 giu 2026, 18:45","8 giu 2026, 20:07","","Estensione Dorso (Ipertensione con Peso)",,"",2,"normal",8,11,,0,
"Giorno A","8 giu 2026, 18:45","8 giu 2026, 20:07","","Calf Raise Gamba Singola in Piedi ",,"",0,"normal",,21,,0,
"Giorno A","8 giu 2026, 18:45","8 giu 2026, 20:07","","Calf Raise Gamba Singola in Piedi ",,"",1,"normal",,15,,0,
"Giorno A","8 giu 2026, 18:45","8 giu 2026, 20:07","","Calf Raise Gamba Singola in Piedi ",,"",2,"normal",,12,,0,
"Giorno C","6 giu 2026, 08:58","6 giu 2026, 10:18","","Ponte Glutei",,"",0,"normal",,20,,0,
"Giorno C","6 giu 2026, 08:58","6 giu 2026, 10:18","","Plank",,"",0,"normal",,0,,58,
"Giorno C","6 giu 2026, 08:58","6 giu 2026, 10:18","","Stacco da Terra Rumeno (Bilanciere)",,"",0,"normal",45,9,,0,
"Giorno C","6 giu 2026, 08:58","6 giu 2026, 10:18","","Stacco da Terra Rumeno (Bilanciere)",,"",1,"normal",45,9,,0,
"Giorno C","6 giu 2026, 08:58","6 giu 2026, 10:18","","Stacco da Terra Rumeno (Bilanciere)",,"",2,"normal",45,9,,0,
"Giorno C","6 giu 2026, 08:58","6 giu 2026, 10:18","","Stacco da Terra Rumeno (Bilanciere)",,"",3,"normal",45,9,,0,
"Giorno C","6 giu 2026, 08:58","6 giu 2026, 10:18","","Hip Thrust (macchina)",,"",0,"normal",40,6,,0,
"Giorno C","6 giu 2026, 08:58","6 giu 2026, 10:18","","Hip Thrust (macchina)",,"",1,"normal",40,6,,0,
"Giorno C","6 giu 2026, 08:58","6 giu 2026, 10:18","","Hip Thrust (macchina)",,"",2,"normal",40,6,,0,
"Giorno C","6 giu 2026, 08:58","6 giu 2026, 10:18","","Affondo Bulgaro",,"",0,"normal",8,9,,0,
"Giorno C","6 giu 2026, 08:58","6 giu 2026, 10:18","","Affondo Bulgaro",,"",1,"normal",8,9,,0,
"Giorno C","6 giu 2026, 08:58","6 giu 2026, 10:18","","Affondo Bulgaro",,"",2,"normal",8,9,,0,
"Giorno C","6 giu 2026, 08:58","6 giu 2026, 10:18","","Estensioni Glutei al Cavo",,"",0,"normal",10,11,,0,
"Giorno C","6 giu 2026, 08:58","6 giu 2026, 10:18","","Estensioni Glutei al Cavo",,"",1,"normal",10,11,,0,
"Giorno C","6 giu 2026, 08:58","6 giu 2026, 10:18","","Estensioni Glutei al Cavo",,"",2,"normal",10,11,,0,
"Giorno C","6 giu 2026, 08:58","6 giu 2026, 10:18","","Leg Curl Seduto (Macchina)",,"",0,"normal",30,13,,0,
"Giorno C","6 giu 2026, 08:58","6 giu 2026, 10:18","","Leg Curl Seduto (Macchina)",,"",1,"normal",30,13,,0,
"Giorno C","6 giu 2026, 08:58","6 giu 2026, 10:18","","Leg Curl Seduto (Macchina)",,"",2,"normal",30,13,,0,
"Giorno B","2 giu 2026, 09:39","2 giu 2026, 10:51","","Plank",,"",0,"normal",,0,,42,
"Giorno B","2 giu 2026, 09:39","2 giu 2026, 10:51","","Lat Pulldown (Cavo)",,"",0,"normal",40,6,,0,
"Giorno B","2 giu 2026, 09:39","2 giu 2026, 10:51","","Lat Pulldown (Cavo)",,"",1,"normal",40,6,,0,
"Giorno B","2 giu 2026, 09:39","2 giu 2026, 10:51","","Lat Pulldown (Cavo)",,"",2,"normal",40,6,,0,
"Giorno B","2 giu 2026, 09:39","2 giu 2026, 10:51","","Lat Pulldown (Cavo)",,"",3,"normal",40,6,,0,
"Giorno B","2 giu 2026, 09:39","2 giu 2026, 10:51","","Lento in Avanti (Manubrio)",,"",0,"normal",8,9,,0,
"Giorno B","2 giu 2026, 09:39","2 giu 2026, 10:51","","Lento in Avanti (Manubrio)",,"",1,"normal",8,9,,0,
"Giorno B","2 giu 2026, 09:39","2 giu 2026, 10:51","","Lento in Avanti (Manubrio)",,"",2,"normal",8,9,,0,
"Giorno B","2 giu 2026, 09:39","2 giu 2026, 10:51","","Lento in Avanti (Manubrio)",,"",3,"normal",8,9,,0,
"Giorno B","2 giu 2026, 09:39","2 giu 2026, 10:51","","Rematore al Cavo da Seduto - Presa Larga",,"",0,"normal",15,12,,0,
"Giorno B","2 giu 2026, 09:39","2 giu 2026, 10:51","","Rematore al Cavo da Seduto - Presa Larga",,"",1,"normal",20,12,,0,
"Giorno B","2 giu 2026, 09:39","2 giu 2026, 10:51","","Rematore al Cavo da Seduto - Presa Larga",,"",2,"normal",20,12,,0,
"Giorno B","2 giu 2026, 09:39","2 giu 2026, 10:51","","Curl Bicipiti con EZ Bar",,"",0,"normal",2.5,9,,0,
"Giorno B","2 giu 2026, 09:39","2 giu 2026, 10:51","","Curl Bicipiti con EZ Bar",,"",1,"normal",2.5,9,,0,
"Giorno B","2 giu 2026, 09:39","2 giu 2026, 10:51","","Curl Bicipiti con EZ Bar",,"",2,"normal",2.5,9,,0,
"Giorno B","2 giu 2026, 09:39","2 giu 2026, 10:51","","Pushdown Tricipiti con Corda",,"",0,"normal",10,10,,0,
"Giorno B","2 giu 2026, 09:39","2 giu 2026, 10:51","","Pushdown Tricipiti con Corda",,"",1,"normal",10,8,,0,
"Giorno B","2 giu 2026, 09:39","2 giu 2026, 10:51","","Pushdown Tricipiti con Corda",,"",2,"normal",7.5,8,,0,
"Giorno B","2 giu 2026, 09:39","2 giu 2026, 10:51","","Pushdown Tricipiti con Corda",,"",3,"normal",7.5,8,,0,
"Giorno B","2 giu 2026, 09:39","2 giu 2026, 10:51","","Crunch (Con Peso Aggiunto)",,"",0,"normal",5,12,,0,
"Giorno B","2 giu 2026, 09:39","2 giu 2026, 10:51","","Crunch (Con Peso Aggiunto)",,"",1,"normal",5,12,,0,
"Giorno B","2 giu 2026, 09:39","2 giu 2026, 10:51","","Crunch (Con Peso Aggiunto)",,"",2,"normal",5,12,,0,
"Giorno A","1 giu 2026, 10:12","1 giu 2026, 11:29","","Ponte Glutei",,"",0,"normal",,20,,0,
"Giorno A","1 giu 2026, 10:12","1 giu 2026, 11:29","","Plank",,"",0,"normal",,0,,50,
"Giorno A","1 giu 2026, 10:12","1 giu 2026, 11:29","","Hip Thrust (macchina)",,"",0,"normal",40,6,,0,
"Giorno A","1 giu 2026, 10:12","1 giu 2026, 11:29","","Hip Thrust (macchina)",,"",1,"normal",40,6,,0,
"Giorno A","1 giu 2026, 10:12","1 giu 2026, 11:29","","Hip Thrust (macchina)",,"",2,"normal",40,6,,0,
"Giorno A","1 giu 2026, 10:12","1 giu 2026, 11:29","","Hip Thrust (macchina)",,"",3,"normal",40,6,,0,
"Giorno A","1 giu 2026, 10:12","1 giu 2026, 11:29","","Rematore al Cavo da Seduto",,"",0,"normal",20,10,,0,
"Giorno A","1 giu 2026, 10:12","1 giu 2026, 11:29","","Rematore al Cavo da Seduto",,"",1,"normal",20,10,,0,
"Giorno A","1 giu 2026, 10:12","1 giu 2026, 11:29","","Rematore al Cavo da Seduto",,"",2,"normal",20,10,,0,
"Giorno A","1 giu 2026, 10:12","1 giu 2026, 11:29","","Rematore al Cavo da Seduto",,"",3,"normal",20,10,,0,
"Giorno A","1 giu 2026, 10:12","1 giu 2026, 11:29","","Stacco Rumeno a Gamba Singola (Manubrio)",,"",0,"normal",20,9,,0,
"Giorno A","1 giu 2026, 10:12","1 giu 2026, 11:29","","Stacco Rumeno a Gamba Singola (Manubrio)",,"",1,"normal",20,9,,0,
"Giorno A","1 giu 2026, 10:12","1 giu 2026, 11:29","","Stacco Rumeno a Gamba Singola (Manubrio)",,"",2,"normal",20,9,,0,
"Giorno A","1 giu 2026, 10:12","1 giu 2026, 11:29","","Aperture Laterali (Manubrio)",,"",0,"normal",5,11,,0,
"Giorno A","1 giu 2026, 10:12","1 giu 2026, 11:29","","Aperture Laterali (Manubrio)",,"",1,"normal",5,11,,0,
"Giorno A","1 giu 2026, 10:12","1 giu 2026, 11:29","","Aperture Laterali (Manubrio)",,"",2,"normal",5,11,,0,
"Giorno A","1 giu 2026, 10:12","1 giu 2026, 11:29","","Aperture Laterali (Manubrio)",,"",3,"normal",4,11,,0,
"Giorno A","1 giu 2026, 10:12","1 giu 2026, 11:29","","Estensione Dorso (Ipertensione con Peso)",,"",0,"normal",8,10,,0,
"Giorno A","1 giu 2026, 10:12","1 giu 2026, 11:29","","Estensione Dorso (Ipertensione con Peso)",,"",1,"normal",8,10,,0,
"Giorno A","1 giu 2026, 10:12","1 giu 2026, 11:29","","Estensione Dorso (Ipertensione con Peso)",,"",2,"normal",8,10,,0,
"Giorno A","1 giu 2026, 10:12","1 giu 2026, 11:29","","Calf Raise Gamba Singola in Piedi ",,"",0,"normal",,20,,0,
"Giorno A","1 giu 2026, 10:12","1 giu 2026, 11:29","","Calf Raise Gamba Singola in Piedi ",,"",1,"normal",,14,,0,
"Giorno A","1 giu 2026, 10:12","1 giu 2026, 11:29","","Calf Raise Gamba Singola in Piedi ",,"",2,"normal",,12,,0,
"Giorno C","29 mag 2026, 18:46","29 mag 2026, 20:26","","Ponte Glutei",,"",0,"normal",,20,,,
"Giorno C","29 mag 2026, 18:46","29 mag 2026, 20:26","","Plank",,"",0,"normal",,,,50,
"Giorno C","29 mag 2026, 18:46","29 mag 2026, 20:26","","Stacco da Terra Rumeno (Bilanciere)",,"",0,"normal",45,9,,,
"Giorno C","29 mag 2026, 18:46","29 mag 2026, 20:26","","Stacco da Terra Rumeno (Bilanciere)",,"",1,"normal",45,9,,,
"Giorno C","29 mag 2026, 18:46","29 mag 2026, 20:26","","Stacco da Terra Rumeno (Bilanciere)",,"",2,"normal",45,9,,,
"Giorno C","29 mag 2026, 18:46","29 mag 2026, 20:26","","Stacco da Terra Rumeno (Bilanciere)",,"",3,"normal",45,9,,,
"Giorno C","29 mag 2026, 18:46","29 mag 2026, 20:26","","Hip Thrust (macchina)",,"",0,"normal",35,11,,,
"Giorno C","29 mag 2026, 18:46","29 mag 2026, 20:26","","Hip Thrust (macchina)",,"",1,"normal",35,11,,,
"Giorno C","29 mag 2026, 18:46","29 mag 2026, 20:26","","Hip Thrust (macchina)",,"",2,"normal",35,11,,,
"Giorno C","29 mag 2026, 18:46","29 mag 2026, 20:26","","Affondo Bulgaro",,"",0,"normal",8,9,,,
"Giorno C","29 mag 2026, 18:46","29 mag 2026, 20:26","","Affondo Bulgaro",,"",1,"normal",8,9,,,
"Giorno C","29 mag 2026, 18:46","29 mag 2026, 20:26","","Affondo Bulgaro",,"",2,"normal",8,9,,,
"Giorno C","29 mag 2026, 18:46","29 mag 2026, 20:26","","Estensioni Glutei al Cavo",,"",0,"normal",7.5,10,,,
"Giorno C","29 mag 2026, 18:46","29 mag 2026, 20:26","","Estensioni Glutei al Cavo",,"",1,"normal",10,10,,,
"Giorno C","29 mag 2026, 18:46","29 mag 2026, 20:26","","Estensioni Glutei al Cavo",,"",2,"normal",10,10,,,
"Giorno C","29 mag 2026, 18:46","29 mag 2026, 20:26","","Leg Curl Seduto (Macchina)",,"",0,"normal",30,13,,,
"Giorno C","29 mag 2026, 18:46","29 mag 2026, 20:26","","Leg Curl Seduto (Macchina)",,"",1,"normal",30,13,,,
"Giorno C","29 mag 2026, 18:46","29 mag 2026, 20:26","","Leg Curl Seduto (Macchina)",,"",2,"normal",30,13,,,
"Giorno B","26 mag 2026, 18:36","26 mag 2026, 19:41","","Plank",,"",0,"normal",,0,,40,
"Giorno B","26 mag 2026, 18:36","26 mag 2026, 19:41","","Lat Pulldown (Cavo)",,"",0,"normal",40,6,,0,
"Giorno B","26 mag 2026, 18:36","26 mag 2026, 19:41","","Lat Pulldown (Cavo)",,"",1,"normal",40,6,,0,
"Giorno B","26 mag 2026, 18:36","26 mag 2026, 19:41","","Lat Pulldown (Cavo)",,"",2,"normal",40,6,,0,
"Giorno B","26 mag 2026, 18:36","26 mag 2026, 19:41","","Lat Pulldown (Cavo)",,"",3,"normal",40,6,,0,
"Giorno B","26 mag 2026, 18:36","26 mag 2026, 19:41","","Lento in Avanti (Manubrio)",,"",0,"normal",8,9,,0,
"Giorno B","26 mag 2026, 18:36","26 mag 2026, 19:41","","Lento in Avanti (Manubrio)",,"",1,"normal",8,9,,0,
"Giorno B","26 mag 2026, 18:36","26 mag 2026, 19:41","","Lento in Avanti (Manubrio)",,"",2,"normal",8,9,,0,
"Giorno B","26 mag 2026, 18:36","26 mag 2026, 19:41","","Lento in Avanti (Manubrio)",,"",3,"normal",8,9,,0,
"Giorno B","26 mag 2026, 18:36","26 mag 2026, 19:41","","Rematore al Cavo da Seduto - Presa Larga",,"",0,"normal",15,12,,0,
"Giorno B","26 mag 2026, 18:36","26 mag 2026, 19:41","","Rematore al Cavo da Seduto - Presa Larga",,"",1,"normal",20,12,,0,
"Giorno B","26 mag 2026, 18:36","26 mag 2026, 19:41","","Rematore al Cavo da Seduto - Presa Larga",,"",2,"normal",20,12,,0,
"Giorno B","26 mag 2026, 18:36","26 mag 2026, 19:41","","Curl Bicipiti con EZ Bar",,"",0,"normal",2.5,9,,0,
"Giorno B","26 mag 2026, 18:36","26 mag 2026, 19:41","","Curl Bicipiti con EZ Bar",,"",1,"normal",2.5,9,,0,
"Giorno B","26 mag 2026, 18:36","26 mag 2026, 19:41","","Curl Bicipiti con EZ Bar",,"",2,"normal",2.5,9,,0,
"Giorno B","26 mag 2026, 18:36","26 mag 2026, 19:41","","Pushdown Tricipiti con Corda",,"",0,"normal",7.5,13,,0,
"Giorno B","26 mag 2026, 18:36","26 mag 2026, 19:41","","Pushdown Tricipiti con Corda",,"",1,"normal",7.5,13,,0,
"Giorno B","26 mag 2026, 18:36","26 mag 2026, 19:41","","Pushdown Tricipiti con Corda",,"",2,"normal",5,13,,0,
"Giorno B","26 mag 2026, 18:36","26 mag 2026, 19:41","","Pushdown Tricipiti con Corda",,"",3,"normal",5,13,,0,
"Giorno B","26 mag 2026, 18:36","26 mag 2026, 19:41","","Crunch (Con Peso Aggiunto)",,"",0,"normal",5,11,,0,
"Giorno B","26 mag 2026, 18:36","26 mag 2026, 19:41","","Crunch (Con Peso Aggiunto)",,"",1,"normal",5,11,,0,
"Giorno B","26 mag 2026, 18:36","26 mag 2026, 19:41","","Crunch (Con Peso Aggiunto)",,"",2,"normal",5,11,,0,
"Giorno A","25 mag 2026, 18:52","25 mag 2026, 20:16","","Ponte Glutei",,"",0,"normal",,20,,0,
"Giorno A","25 mag 2026, 18:52","25 mag 2026, 20:16","","Plank",,"",0,"normal",,0,,46,
"Giorno A","25 mag 2026, 18:52","25 mag 2026, 20:16","","Hip Thrust (macchina)",,"",0,"normal",40,6,,0,
"Giorno A","25 mag 2026, 18:52","25 mag 2026, 20:16","","Hip Thrust (macchina)",,"",1,"normal",40,6,,0,
"Giorno A","25 mag 2026, 18:52","25 mag 2026, 20:16","","Hip Thrust (macchina)",,"",2,"normal",40,6,,0,
"Giorno A","25 mag 2026, 18:52","25 mag 2026, 20:16","","Hip Thrust (macchina)",,"",3,"normal",40,6,,0,
"Giorno A","25 mag 2026, 18:52","25 mag 2026, 20:16","","Rematore al Cavo da Seduto",,"",0,"normal",20,9,,0,
"Giorno A","25 mag 2026, 18:52","25 mag 2026, 20:16","","Rematore al Cavo da Seduto",,"",1,"normal",20,9,,0,
"Giorno A","25 mag 2026, 18:52","25 mag 2026, 20:16","","Rematore al Cavo da Seduto",,"",2,"normal",20,9,,0,
"Giorno A","25 mag 2026, 18:52","25 mag 2026, 20:16","","Rematore al Cavo da Seduto",,"",3,"normal",20,9,,0,
"Giorno A","25 mag 2026, 18:52","25 mag 2026, 20:16","","Stacco Rumeno a Gamba Singola (Manubrio)",,"",0,"normal",20,9,,0,
"Giorno A","25 mag 2026, 18:52","25 mag 2026, 20:16","","Stacco Rumeno a Gamba Singola (Manubrio)",,"",1,"normal",20,9,,0,
"Giorno A","25 mag 2026, 18:52","25 mag 2026, 20:16","","Stacco Rumeno a Gamba Singola (Manubrio)",,"",2,"normal",20,9,,0,
"Giorno A","25 mag 2026, 18:52","25 mag 2026, 20:16","","Aperture Laterali (Manubrio)",,"",0,"normal",4,11,,0,
"Giorno A","25 mag 2026, 18:52","25 mag 2026, 20:16","","Aperture Laterali (Manubrio)",,"",1,"normal",4,11,,0,
"Giorno A","25 mag 2026, 18:52","25 mag 2026, 20:16","","Aperture Laterali (Manubrio)",,"",2,"normal",4,11,,0,
"Giorno A","25 mag 2026, 18:52","25 mag 2026, 20:16","","Aperture Laterali (Manubrio)",,"",3,"normal",4,11,,0,
"Giorno A","25 mag 2026, 18:52","25 mag 2026, 20:16","","Estensione Dorso (Ipertensione con Peso)",,"",0,"normal",8,10,,0,
"Giorno A","25 mag 2026, 18:52","25 mag 2026, 20:16","","Estensione Dorso (Ipertensione con Peso)",,"",1,"normal",8,10,,0,
"Giorno A","25 mag 2026, 18:52","25 mag 2026, 20:16","","Estensione Dorso (Ipertensione con Peso)",,"",2,"normal",8,10,,0,
"Giorno A","25 mag 2026, 18:52","25 mag 2026, 20:16","","Calf Raise Gamba Singola in Piedi ",,"",0,"normal",,20,,0,
"Giorno A","25 mag 2026, 18:52","25 mag 2026, 20:16","","Calf Raise Gamba Singola in Piedi ",,"",1,"normal",,18,,0,
"Giorno A","25 mag 2026, 18:52","25 mag 2026, 20:16","","Calf Raise Gamba Singola in Piedi ",,"",2,"normal",,15,,0,
"Giorno C","23 mag 2026, 11:47","23 mag 2026, 12:58","","Ponte Glutei",,"",0,"normal",,20,,0,
"Giorno C","23 mag 2026, 11:47","23 mag 2026, 12:58","","Plank",,"",0,"normal",,0,,52,
"Giorno C","23 mag 2026, 11:47","23 mag 2026, 12:58","","Stacco da Terra Rumeno (Bilanciere)",,"",0,"normal",45,8,,0,
"Giorno C","23 mag 2026, 11:47","23 mag 2026, 12:58","","Stacco da Terra Rumeno (Bilanciere)",,"",1,"normal",45,8,,0,
"Giorno C","23 mag 2026, 11:47","23 mag 2026, 12:58","","Stacco da Terra Rumeno (Bilanciere)",,"",2,"normal",45,8,,0,
"Giorno C","23 mag 2026, 11:47","23 mag 2026, 12:58","","Stacco da Terra Rumeno (Bilanciere)",,"",3,"normal",45,8,,0,
"Giorno C","23 mag 2026, 11:47","23 mag 2026, 12:58","","Hip Thrust (macchina)",,"",0,"normal",35,11,,0,
"Giorno C","23 mag 2026, 11:47","23 mag 2026, 12:58","","Hip Thrust (macchina)",,"",1,"normal",35,11,,0,
"Giorno C","23 mag 2026, 11:47","23 mag 2026, 12:58","","Hip Thrust (macchina)",,"",2,"normal",35,11,,0,
"Giorno C","23 mag 2026, 11:47","23 mag 2026, 12:58","","Affondo Bulgaro",,"",0,"normal",8,8,,0,
"Giorno C","23 mag 2026, 11:47","23 mag 2026, 12:58","","Affondo Bulgaro",,"",1,"normal",8,8,,0,
"Giorno C","23 mag 2026, 11:47","23 mag 2026, 12:58","","Affondo Bulgaro",,"",2,"normal",8,8,,0,
"Giorno C","23 mag 2026, 11:47","23 mag 2026, 12:58","","Estensioni Glutei al Cavo",,"",0,"normal",7.5,10,,0,
"Giorno C","23 mag 2026, 11:47","23 mag 2026, 12:58","","Estensioni Glutei al Cavo",,"",1,"normal",7.5,10,,0,
"Giorno C","23 mag 2026, 11:47","23 mag 2026, 12:58","","Estensioni Glutei al Cavo",,"",2,"normal",7.5,10,,0,
"Giorno C","23 mag 2026, 11:47","23 mag 2026, 12:58","","Leg Curl Seduto (Macchina)",,"",0,"normal",30,12,,0,
"Giorno C","23 mag 2026, 11:47","23 mag 2026, 12:58","","Leg Curl Seduto (Macchina)",,"",1,"normal",30,12,,0,
"Giorno C","23 mag 2026, 11:47","23 mag 2026, 12:58","","Leg Curl Seduto (Macchina)",,"",2,"normal",30,12,,0,
"Giorno B","19 mag 2026, 18:41","19 mag 2026, 19:39","","Plank",,"",0,"normal",,0,,30,
"Giorno B","19 mag 2026, 18:41","19 mag 2026, 19:39","","Lat Pulldown (Cavo)",,"",0,"normal",35,10,,0,
"Giorno B","19 mag 2026, 18:41","19 mag 2026, 19:39","","Lat Pulldown (Cavo)",,"",1,"normal",35,10,,0,
"Giorno B","19 mag 2026, 18:41","19 mag 2026, 19:39","","Lat Pulldown (Cavo)",,"",2,"normal",35,8,,0,
"Giorno B","19 mag 2026, 18:41","19 mag 2026, 19:39","","Lat Pulldown (Cavo)",,"",3,"normal",35,8,,0,
"Giorno B","19 mag 2026, 18:41","19 mag 2026, 19:39","","Lento in Avanti (Manubrio)",,"",0,"normal",8,8,,0,
"Giorno B","19 mag 2026, 18:41","19 mag 2026, 19:39","","Lento in Avanti (Manubrio)",,"",1,"normal",8,8,,0,
"Giorno B","19 mag 2026, 18:41","19 mag 2026, 19:39","","Lento in Avanti (Manubrio)",,"",2,"normal",8,8,,0,
"Giorno B","19 mag 2026, 18:41","19 mag 2026, 19:39","","Lento in Avanti (Manubrio)",,"",3,"normal",8,8,,0,
"Giorno B","19 mag 2026, 18:41","19 mag 2026, 19:39","","Rematore al Cavo da Seduto - Presa Larga",,"",0,"normal",15,12,,0,
"Giorno B","19 mag 2026, 18:41","19 mag 2026, 19:39","","Rematore al Cavo da Seduto - Presa Larga",,"",1,"normal",15,12,,0,
"Giorno B","19 mag 2026, 18:41","19 mag 2026, 19:39","","Rematore al Cavo da Seduto - Presa Larga",,"",2,"normal",15,12,,0,
"Giorno B","19 mag 2026, 18:41","19 mag 2026, 19:39","","Curl Bicipiti con EZ Bar",,"",0,"normal",2.5,8,,0,
"Giorno B","19 mag 2026, 18:41","19 mag 2026, 19:39","","Curl Bicipiti con EZ Bar",,"",1,"normal",2.5,8,,0,
"Giorno B","19 mag 2026, 18:41","19 mag 2026, 19:39","","Curl Bicipiti con EZ Bar",,"",2,"normal",2.5,8,,0,
"Giorno B","19 mag 2026, 18:41","19 mag 2026, 19:39","","Pushdown Tricipiti con Corda",,"",0,"normal",7.5,13,,0,
"Giorno B","19 mag 2026, 18:41","19 mag 2026, 19:39","","Pushdown Tricipiti con Corda",,"",1,"normal",7.5,12,,0,
"Giorno B","19 mag 2026, 18:41","19 mag 2026, 19:39","","Pushdown Tricipiti con Corda",,"",2,"normal",5,13,,0,
"Giorno B","19 mag 2026, 18:41","19 mag 2026, 19:39","","Pushdown Tricipiti con Corda",,"",3,"normal",5,13,,0,
"Giorno B","19 mag 2026, 18:41","19 mag 2026, 19:39","","Crunch (Con Peso Aggiunto)",,"",0,"normal",5,10,,0,
"Giorno B","19 mag 2026, 18:41","19 mag 2026, 19:39","","Crunch (Con Peso Aggiunto)",,"",1,"normal",5,10,,0,
"Giorno B","19 mag 2026, 18:41","19 mag 2026, 19:39","","Crunch (Con Peso Aggiunto)",,"",2,"normal",5,10,,0,
"Giorno A","18 mag 2026, 19:09","18 mag 2026, 20:37","","Ponte Glutei",,"",0,"normal",,20,,0,
"Giorno A","18 mag 2026, 19:09","18 mag 2026, 20:37","","Plank",,"",0,"normal",,0,,45,
"Giorno A","18 mag 2026, 19:09","18 mag 2026, 20:37","","Hip Thrust (macchina)",,"",0,"normal",37.5,8,,0,
"Giorno A","18 mag 2026, 19:09","18 mag 2026, 20:37","","Hip Thrust (macchina)",,"",1,"normal",37.5,8,,0,
"Giorno A","18 mag 2026, 19:09","18 mag 2026, 20:37","","Hip Thrust (macchina)",,"",2,"normal",37.5,8,,0,
"Giorno A","18 mag 2026, 19:09","18 mag 2026, 20:37","","Hip Thrust (macchina)",,"",3,"normal",37.5,8,,0,
"Giorno A","18 mag 2026, 19:09","18 mag 2026, 20:37","","Rematore al Cavo da Seduto",,"",0,"normal",20,8,,0,
"Giorno A","18 mag 2026, 19:09","18 mag 2026, 20:37","","Rematore al Cavo da Seduto",,"",1,"normal",20,8,,0,
"Giorno A","18 mag 2026, 19:09","18 mag 2026, 20:37","","Rematore al Cavo da Seduto",,"",2,"normal",20,8,,0,
"Giorno A","18 mag 2026, 19:09","18 mag 2026, 20:37","","Rematore al Cavo da Seduto",,"",3,"normal",20,8,,0,
"Giorno A","18 mag 2026, 19:09","18 mag 2026, 20:37","","Stacco Rumeno a Gamba Singola (Manubrio)",,"",0,"normal",20,8,,0,
"Giorno A","18 mag 2026, 19:09","18 mag 2026, 20:37","","Stacco Rumeno a Gamba Singola (Manubrio)",,"",1,"normal",20,8,,0,
"Giorno A","18 mag 2026, 19:09","18 mag 2026, 20:37","","Stacco Rumeno a Gamba Singola (Manubrio)",,"",2,"normal",20,8,,0,
"Giorno A","18 mag 2026, 19:09","18 mag 2026, 20:37","","Aperture Laterali (Manubrio)",,"",0,"normal",4,10,,0,
"Giorno A","18 mag 2026, 19:09","18 mag 2026, 20:37","","Aperture Laterali (Manubrio)",,"",1,"normal",4,10,,0,
"Giorno A","18 mag 2026, 19:09","18 mag 2026, 20:37","","Aperture Laterali (Manubrio)",,"",2,"normal",4,10,,0,
"Giorno A","18 mag 2026, 19:09","18 mag 2026, 20:37","","Aperture Laterali (Manubrio)",,"",3,"normal",4,10,,0,
"Giorno A","18 mag 2026, 19:09","18 mag 2026, 20:37","","Estensione Dorso (Ipertensione con Peso)",,"",0,"normal",5,12,,0,
"Giorno A","18 mag 2026, 19:09","18 mag 2026, 20:37","","Estensione Dorso (Ipertensione con Peso)",,"",1,"normal",5,12,,0,
"Giorno A","18 mag 2026, 19:09","18 mag 2026, 20:37","","Estensione Dorso (Ipertensione con Peso)",,"",2,"normal",5,12,,0,
"Giorno A","18 mag 2026, 19:09","18 mag 2026, 20:37","","Calf Raise Gamba Singola in Piedi ",,"",0,"normal",,20,,0,
"Giorno A","18 mag 2026, 19:09","18 mag 2026, 20:37","","Calf Raise Gamba Singola in Piedi ",,"",1,"normal",,17,,0,
"Giorno A","18 mag 2026, 19:09","18 mag 2026, 20:37","","Calf Raise Gamba Singola in Piedi ",,"",2,"normal",,15,,0,
"Giorno C","16 mag 2026, 12:01","16 mag 2026, 13:28","","Ponte Glutei",,"",0,"normal",,20,,0,
"Giorno C","16 mag 2026, 12:01","16 mag 2026, 13:28","","Plank",,"",0,"normal",,0,,54,
"Giorno C","16 mag 2026, 12:01","16 mag 2026, 13:28","","Stacco da Terra Rumeno (Bilanciere)",,"",0,"normal",45,8,,0,
"Giorno C","16 mag 2026, 12:01","16 mag 2026, 13:28","","Stacco da Terra Rumeno (Bilanciere)",,"",1,"normal",45,8,,0,
"Giorno C","16 mag 2026, 12:01","16 mag 2026, 13:28","","Stacco da Terra Rumeno (Bilanciere)",,"",2,"normal",45,8,,0,
"Giorno C","16 mag 2026, 12:01","16 mag 2026, 13:28","","Stacco da Terra Rumeno (Bilanciere)",,"",3,"normal",45,8,,0,
"Giorno C","16 mag 2026, 12:01","16 mag 2026, 13:28","","Hip Thrust (macchina)",,"",0,"normal",35,10,,0,
"Giorno C","16 mag 2026, 12:01","16 mag 2026, 13:28","","Hip Thrust (macchina)",,"",1,"normal",35,10,,0,
"Giorno C","16 mag 2026, 12:01","16 mag 2026, 13:28","","Hip Thrust (macchina)",,"",2,"normal",35,10,,0,
"Giorno C","16 mag 2026, 12:01","16 mag 2026, 13:28","","Affondo Bulgaro",,"",0,"normal",7,8,,0,
"Giorno C","16 mag 2026, 12:01","16 mag 2026, 13:28","","Affondo Bulgaro",,"",1,"normal",7,8,,0,
"Giorno C","16 mag 2026, 12:01","16 mag 2026, 13:28","","Affondo Bulgaro",,"",2,"normal",7,8,,0,
"Giorno C","16 mag 2026, 12:01","16 mag 2026, 13:28","","Estensioni Glutei al Cavo",,"",0,"normal",7.5,10,,0,
"Giorno C","16 mag 2026, 12:01","16 mag 2026, 13:28","","Estensioni Glutei al Cavo",,"",1,"normal",7.5,10,,0,
"Giorno C","16 mag 2026, 12:01","16 mag 2026, 13:28","","Estensioni Glutei al Cavo",,"",2,"normal",7.5,10,,0,
"Giorno C","16 mag 2026, 12:01","16 mag 2026, 13:28","","Leg Curl Seduto (Macchina)",,"",0,"normal",30,12,,0,
"Giorno C","16 mag 2026, 12:01","16 mag 2026, 13:28","","Leg Curl Seduto (Macchina)",,"",1,"normal",30,12,,0,
"Giorno C","16 mag 2026, 12:01","16 mag 2026, 13:28","","Leg Curl Seduto (Macchina)",,"",2,"normal",30,12,,0,
"Giorno 3","23 apr 2026, 18:39","23 apr 2026, 19:59","","Estensione Polpacci (Macchina)",,"",0,"normal",80,12,,0,
"Giorno 3","23 apr 2026, 18:39","23 apr 2026, 19:59","","Estensione Polpacci (Macchina)",,"",1,"normal",80,12,,0,
"Giorno 3","23 apr 2026, 18:39","23 apr 2026, 19:59","","Estensione Polpacci (Macchina)",,"",2,"normal",80,12,,0,
"Giorno 3","23 apr 2026, 18:39","23 apr 2026, 19:59","","Hip Thrust (macchina)",,"",0,"normal",37.5,8,,0,
"Giorno 3","23 apr 2026, 18:39","23 apr 2026, 19:59","","Hip Thrust (macchina)",,"",1,"normal",37.5,8,,0,
"Giorno 3","23 apr 2026, 18:39","23 apr 2026, 19:59","","Hip Thrust (macchina)",,"",2,"normal",37.5,7,,0,
"Giorno 3","23 apr 2026, 18:39","23 apr 2026, 19:59","","Lento in Avanti (Manubrio)",,"",0,"normal",10,8,,0,
"Giorno 3","23 apr 2026, 18:39","23 apr 2026, 19:59","","Lento in Avanti (Manubrio)",,"",1,"normal",10,7,,0,
"Giorno 3","23 apr 2026, 18:39","23 apr 2026, 19:59","","Lento in Avanti (Manubrio)",,"",2,"normal",10,4,,0,
"Giorno 3","23 apr 2026, 18:39","23 apr 2026, 19:59","","Leg Curl Seduto (Macchina)",,"",0,"normal",40,6,,0,
"Giorno 3","23 apr 2026, 18:39","23 apr 2026, 19:59","","Leg Curl Seduto (Macchina)",,"",1,"normal",35,12,,0,
"Giorno 3","23 apr 2026, 18:39","23 apr 2026, 19:59","","Leg Curl Seduto (Macchina)",,"",2,"normal",35,12,,0,
"Giorno 3","23 apr 2026, 18:39","23 apr 2026, 19:59","","Estensioni Glutei al Cavo",,"",0,"normal",10,12,,0,
"Giorno 3","23 apr 2026, 18:39","23 apr 2026, 19:59","","Estensioni Glutei al Cavo",,"",1,"normal",10,12,,0,
"Giorno 3","23 apr 2026, 18:39","23 apr 2026, 19:59","","Crunch (Macchina)",,"",0,"normal",45,12,,0,
"Giorno 3","23 apr 2026, 18:39","23 apr 2026, 19:59","","Crunch (Macchina)",,"",1,"normal",45,12,,0,
"Giorno 3","23 apr 2026, 18:39","23 apr 2026, 19:59","","Crunch (Macchina)",,"",2,"normal",45,12,,0,
"Giorno 3","23 apr 2026, 18:39","23 apr 2026, 19:59","","Adduzione Anche (Macchina)",,"",0,"normal",35,10,,0,
"Giorno 3","23 apr 2026, 18:39","23 apr 2026, 19:59","","Adduzione Anche (Macchina)",,"",1,"normal",35,12,,0,
"Giorno 3","23 apr 2026, 18:39","23 apr 2026, 19:59","","Adduzione Anche (Macchina)",,"",2,"normal",35,12,,0,
"Giorno 2","21 apr 2026, 18:42","21 apr 2026, 19:51","","Calf Press (Macchina)",,"",0,"normal",90,10,,0,
"Giorno 2","21 apr 2026, 18:42","21 apr 2026, 19:51","","Calf Press (Macchina)",,"",1,"normal",80,10,,0,
"Giorno 2","21 apr 2026, 18:42","21 apr 2026, 19:51","","Calf Press (Macchina)",,"",2,"normal",80,10,,0,
"Giorno 2","21 apr 2026, 18:42","21 apr 2026, 19:51","","Stacco da Terra Rumeno (Bilanciere)",,"",0,"normal",45,7,,0,
"Giorno 2","21 apr 2026, 18:42","21 apr 2026, 19:51","","Stacco da Terra Rumeno (Bilanciere)",,"",1,"normal",45,7,,0,
"Giorno 2","21 apr 2026, 18:42","21 apr 2026, 19:51","","Stacco da Terra Rumeno (Bilanciere)",,"",2,"normal",45,6,,0,
"Giorno 2","21 apr 2026, 18:42","21 apr 2026, 19:51","","Lat Pulldown (Macchina)",,"",0,"normal",40,6,,0,
"Giorno 2","21 apr 2026, 18:42","21 apr 2026, 19:51","","Lat Pulldown (Macchina)",,"",1,"normal",40,6,,0,
"Giorno 2","21 apr 2026, 18:42","21 apr 2026, 19:51","","Lat Pulldown (Macchina)",,"",2,"normal",40,5,,0,
"Giorno 2","21 apr 2026, 18:42","21 apr 2026, 19:51","","Panca Inclinata (Manubrio)",,"",0,"normal",12,8,,0,
"Giorno 2","21 apr 2026, 18:42","21 apr 2026, 19:51","","Panca Inclinata (Manubrio)",,"",1,"normal",12,7,,0,
"Giorno 2","21 apr 2026, 18:42","21 apr 2026, 19:51","","Panca Inclinata (Manubrio)",,"",2,"normal",12,5,,0,
"Giorno 2","21 apr 2026, 18:42","21 apr 2026, 19:51","","Bicipiti Martello (Manubrio)",,"",0,"normal",6,8,,0,
"Giorno 2","21 apr 2026, 18:42","21 apr 2026, 19:51","","Bicipiti Martello (Manubrio)",,"",1,"normal",6,8,,0,
"Giorno 2","21 apr 2026, 18:42","21 apr 2026, 19:51","","Bicipiti Martello (Manubrio)",,"",2,"normal",6,8,,0,
"Giorno 2","21 apr 2026, 18:42","21 apr 2026, 19:51","","Abduzione Anche (Macchina)",,"",0,"normal",100,12,,0,
"Giorno 2","21 apr 2026, 18:42","21 apr 2026, 19:51","","Abduzione Anche (Macchina)",,"",1,"normal",100,12,,0,
"Giorno 2","21 apr 2026, 18:42","21 apr 2026, 19:51","","Abduzione Anche (Macchina)",,"",2,"normal",100,10,,0,
"Giorno 1","20 apr 2026, 18:48","20 apr 2026, 19:32","","Calf Press (Macchina)",,"",0,"normal",70,10,,0,
"Giorno 1","20 apr 2026, 18:48","20 apr 2026, 19:32","","Calf Press (Macchina)",,"",1,"normal",80,10,,0,
"Giorno 1","20 apr 2026, 18:48","20 apr 2026, 19:32","","Calf Press (Macchina)",,"",2,"normal",90,9,,0,
"Giorno 1","20 apr 2026, 18:48","20 apr 2026, 19:32","","Leg Press (Macchina)",,"",0,"normal",140,7,,0,
"Giorno 1","20 apr 2026, 18:48","20 apr 2026, 19:32","","Leg Press (Macchina)",,"",1,"normal",140,7,,0,
"Giorno 1","20 apr 2026, 18:48","20 apr 2026, 19:32","","Leg Press (Macchina)",,"",2,"normal",140,6,,0,
"Giorno 1","20 apr 2026, 18:48","20 apr 2026, 19:32","","Chest Press (Macchina)",,"",0,"normal",35,8,,0,
"Giorno 1","20 apr 2026, 18:48","20 apr 2026, 19:32","","Chest Press (Macchina)",,"",1,"normal",35,6,,0,
"Giorno 1","20 apr 2026, 18:48","20 apr 2026, 19:32","","Chest Press (Macchina)",,"",2,"normal",35,6,,0,
"Giorno 1","20 apr 2026, 18:48","20 apr 2026, 19:32","","Aperture Laterali (Manubrio)",,"",0,"normal",5,10,,0,
"Giorno 1","20 apr 2026, 18:48","20 apr 2026, 19:32","","Aperture Laterali (Manubrio)",,"",1,"normal",5,10,,0,
"Giorno 1","20 apr 2026, 18:48","20 apr 2026, 19:32","","Aperture Laterali (Manubrio)",,"",2,"normal",5,10,,0,
"Giorno 1","20 apr 2026, 18:48","20 apr 2026, 19:32","","Pushdown Tricipiti",,"",0,"normal",15,10,,0,
"Giorno 1","20 apr 2026, 18:48","20 apr 2026, 19:32","","Pushdown Tricipiti",,"",1,"normal",15,6,,0,
"Giorno 1","20 apr 2026, 18:48","20 apr 2026, 19:32","","Pushdown Tricipiti",,"",2,"normal",15,6,,0,
"Giorno 1","20 apr 2026, 18:48","20 apr 2026, 19:32","","Abduzione Anche (Macchina)",,"",0,"normal",100,12,,0,
"Giorno 1","20 apr 2026, 18:48","20 apr 2026, 19:32","","Abduzione Anche (Macchina)",,"",1,"normal",100,11,,0,
"Giorno 1","20 apr 2026, 18:48","20 apr 2026, 19:32","","Abduzione Anche (Macchina)",,"",2,"normal",100,11,,0,
"Pull","14 apr 2026, 18:38","14 apr 2026, 19:29","","Lat Pulldown (Macchina)",,"",0,"failure",40,6,,0,
"Pull","14 apr 2026, 18:38","14 apr 2026, 19:29","","Lat Pulldown (Macchina)",,"",1,"failure",40,6,,0,
"Pull","14 apr 2026, 18:38","14 apr 2026, 19:29","","Lat Pulldown (Macchina)",,"",2,"failure",40,5,,0,
"Pull","14 apr 2026, 18:38","14 apr 2026, 19:29","","Lat Pulldown (Macchina)",,"",0,"failure",35,6,,0,
"Pull","14 apr 2026, 18:38","14 apr 2026, 19:29","","Lat Pulldown (Macchina)",,"",1,"failure",35,6,,0,
"Pull","14 apr 2026, 18:38","14 apr 2026, 19:29","","Rematore al Cavo da Seduto",,"",0,"failure",20,8,,0,
"Pull","14 apr 2026, 18:38","14 apr 2026, 19:29","","Rematore al Cavo da Seduto",,"",1,"failure",20,8,,0,
"Pull","14 apr 2026, 18:38","14 apr 2026, 19:29","","Rematore al Cavo da Seduto",,"",2,"failure",20,8,,0,
"Pull","14 apr 2026, 18:38","14 apr 2026, 19:29","","Face Pull",,"",0,"failure",15,14,,0,
"Pull","14 apr 2026, 18:38","14 apr 2026, 19:29","","Face Pull",,"",1,"failure",20,6,,0,
"Pull","14 apr 2026, 18:38","14 apr 2026, 19:29","","Curl Bicipiti (Manubrio)",,"",0,"failure",7,5,,0,
"Pull","14 apr 2026, 18:38","14 apr 2026, 19:29","","Curl Bicipiti (Manubrio)",,"",1,"failure",7,4,,0,
"Pull","14 apr 2026, 18:38","14 apr 2026, 19:29","","Curl Bicipiti (Manubrio)",,"",2,"failure",7,4,,0,
"Pull","14 apr 2026, 18:38","14 apr 2026, 19:29","","Bayesian curl",,"",0,"failure",2.5,15,,0,
"Pull","14 apr 2026, 18:38","14 apr 2026, 19:29","","Bayesian curl",,"",1,"failure",2.5,11,,0,
"Push","13 apr 2026, 18:43","13 apr 2026, 19:41","","Chest Press (Macchina)",,"",0,"failure",30,6,,0,
"Push","13 apr 2026, 18:43","13 apr 2026, 19:41","","Chest Press (Macchina)",,"",1,"failure",30,6,,0,
"Push","13 apr 2026, 18:43","13 apr 2026, 19:41","","Chest Press (Macchina)",,"",2,"failure",30,6,,0,
"Push","13 apr 2026, 18:43","13 apr 2026, 19:41","","Panca Inclinata (Manubrio)",,"",0,"failure",10,8,,0,
"Push","13 apr 2026, 18:43","13 apr 2026, 19:41","","Panca Inclinata (Manubrio)",,"",1,"failure",10,8,,0,
"Push","13 apr 2026, 18:43","13 apr 2026, 19:41","","Lento in Avanti (Manubrio)",,"",0,"failure",8,6,,0,
"Push","13 apr 2026, 18:43","13 apr 2026, 19:41","","Lento in Avanti (Manubrio)",,"",1,"failure",8,7,,0,
"Push","13 apr 2026, 18:43","13 apr 2026, 19:41","","Lento in Avanti (Manubrio)",,"",2,"failure",8,7,,0,
"Push","13 apr 2026, 18:43","13 apr 2026, 19:41","","Aperture Laterali (Manubrio)",,"",0,"failure",5,10,,0,
"Push","13 apr 2026, 18:43","13 apr 2026, 19:41","","Aperture Laterali (Manubrio)",,"",1,"failure",5,9,,0,
"Push","13 apr 2026, 18:43","13 apr 2026, 19:41","","Pushdown Tricipiti",,"",0,"failure",12.5,10,,0,
"Push","13 apr 2026, 18:43","13 apr 2026, 19:41","","Pushdown Tricipiti",,"",1,"failure",12.5,8,,0,
"Push","13 apr 2026, 18:43","13 apr 2026, 19:41","","Pushdown Tricipiti",,"",2,"failure",12.5,8,,0,
"Push","13 apr 2026, 18:43","13 apr 2026, 19:41","","Crunch (Macchina)",,"",0,"failure",45,12,,0,
"Push","13 apr 2026, 18:43","13 apr 2026, 19:41","","Crunch (Macchina)",,"",1,"failure",50,7,,0,
"Push","13 apr 2026, 18:43","13 apr 2026, 19:41","","Crunch (Macchina)",,"",2,"failure",50,7,,0,
"Pull","24 mar 2026, 18:38","24 mar 2026, 19:27","","Lat Pulldown (Macchina)",,"",0,"failure",40,6,,0,
"Pull","24 mar 2026, 18:38","24 mar 2026, 19:27","","Lat Pulldown (Macchina)",,"",1,"failure",40,6,,0,
"Pull","24 mar 2026, 18:38","24 mar 2026, 19:27","","Lat Pulldown (Macchina)",,"",2,"failure",37.5,6,,0,
"Pull","24 mar 2026, 18:38","24 mar 2026, 19:27","","Lat Pulldown (Macchina)",,"",0,"failure",35,11,,0,
"Pull","24 mar 2026, 18:38","24 mar 2026, 19:27","","Lat Pulldown (Macchina)",,"",1,"failure",35,7,,0,
"Pull","24 mar 2026, 18:38","24 mar 2026, 19:27","","Rematore al Cavo da Seduto",,"",0,"failure",20,9,,0,
"Pull","24 mar 2026, 18:38","24 mar 2026, 19:27","","Rematore al Cavo da Seduto",,"",1,"failure",20,8,,0,
"Pull","24 mar 2026, 18:38","24 mar 2026, 19:27","","Rematore al Cavo da Seduto",,"",2,"failure",20,8,,0,
"Pull","24 mar 2026, 18:38","24 mar 2026, 19:27","","Face Pull",,"",0,"failure",15,13,,0,
"Pull","24 mar 2026, 18:38","24 mar 2026, 19:27","","Face Pull",,"",1,"failure",15,12,,0,
"Pull","24 mar 2026, 18:38","24 mar 2026, 19:27","","Curl Bicipiti (Manubrio)",,"",0,"failure",7,5,,0,
"Pull","24 mar 2026, 18:38","24 mar 2026, 19:27","","Curl Bicipiti (Manubrio)",,"",1,"failure",7,5,,0,
"Pull","24 mar 2026, 18:38","24 mar 2026, 19:27","","Curl Bicipiti (Manubrio)",,"",2,"failure",7,4,,0,
"Pull","24 mar 2026, 18:38","24 mar 2026, 19:27","","Bayesian curl",,"",0,"failure",2.5,13,,0,
"Pull","24 mar 2026, 18:38","24 mar 2026, 19:27","","Bayesian curl",,"",1,"failure",2.5,11,,0,
"Push","23 mar 2026, 18:41","23 mar 2026, 19:32","","Chest Press (Macchina)",,"",0,"failure",35,6,,0,
"Push","23 mar 2026, 18:41","23 mar 2026, 19:32","","Chest Press (Macchina)",,"",1,"failure",35,6,,0,
"Push","23 mar 2026, 18:41","23 mar 2026, 19:32","","Chest Press (Macchina)",,"",2,"failure",30,6,,0,
"Push","23 mar 2026, 18:41","23 mar 2026, 19:32","","Panca Inclinata (Manubrio)",,"",0,"failure",10,7,,0,
"Push","23 mar 2026, 18:41","23 mar 2026, 19:32","","Panca Inclinata (Manubrio)",,"",1,"failure",10,7,,0,
"Push","23 mar 2026, 18:41","23 mar 2026, 19:32","","Lento in Avanti (Manubrio)",,"",0,"failure",8,7,,0,
"Push","23 mar 2026, 18:41","23 mar 2026, 19:32","","Lento in Avanti (Manubrio)",,"",1,"failure",8,6,,0,
"Push","23 mar 2026, 18:41","23 mar 2026, 19:32","","Lento in Avanti (Manubrio)",,"",2,"failure",8,6,,0,
"Push","23 mar 2026, 18:41","23 mar 2026, 19:32","","Aperture Laterali (Manubrio)",,"",0,"failure",5,8,,0,
"Push","23 mar 2026, 18:41","23 mar 2026, 19:32","","Aperture Laterali (Manubrio)",,"",1,"failure",5,8,,0,
"Push","23 mar 2026, 18:41","23 mar 2026, 19:32","","Pushdown Tricipiti",,"",0,"failure",12.5,8,,0,
"Push","23 mar 2026, 18:41","23 mar 2026, 19:32","","Pushdown Tricipiti",,"",1,"failure",12.5,8,,0,
"Push","23 mar 2026, 18:41","23 mar 2026, 19:32","","Pushdown Tricipiti",,"",2,"failure",12.5,8,,0,
"Push","23 mar 2026, 18:41","23 mar 2026, 19:32","","Crunch (Macchina)",,"",0,"failure",45,7,,0,
"Push","23 mar 2026, 18:41","23 mar 2026, 19:32","","Crunch (Macchina)",,"",1,"failure",45,8,,0,
"Push","23 mar 2026, 18:41","23 mar 2026, 19:32","","Crunch (Macchina)",,"",2,"failure",45,8,,0,
"Pull","10 mar 2026, 18:37","10 mar 2026, 19:27","","Lat Pulldown (Macchina)",,"",0,"failure",35,11,,0,
"Pull","10 mar 2026, 18:37","10 mar 2026, 19:27","","Lat Pulldown (Macchina)",,"",1,"failure",37.5,8,,0,
"Pull","10 mar 2026, 18:37","10 mar 2026, 19:27","","Lat Pulldown (Macchina)",,"",2,"failure",37.5,6,,0,
"Pull","10 mar 2026, 18:37","10 mar 2026, 19:27","","Lat Pulldown (Macchina)",,"",0,"failure",35,6,,0,
"Pull","10 mar 2026, 18:37","10 mar 2026, 19:27","","Lat Pulldown (Macchina)",,"",1,"failure",35,6,,0,
"Pull","10 mar 2026, 18:37","10 mar 2026, 19:27","","Rematore al Cavo da Seduto",,"",0,"failure",20,8,,0,
"Pull","10 mar 2026, 18:37","10 mar 2026, 19:27","","Rematore al Cavo da Seduto",,"",1,"failure",20,8,,0,
"Pull","10 mar 2026, 18:37","10 mar 2026, 19:27","","Rematore al Cavo da Seduto",,"",2,"failure",20,7,,0,
"Pull","10 mar 2026, 18:37","10 mar 2026, 19:27","","Face Pull",,"",0,"failure",15,12,,0,
"Pull","10 mar 2026, 18:37","10 mar 2026, 19:27","","Face Pull",,"",1,"failure",15,10,,0,
"Pull","10 mar 2026, 18:37","10 mar 2026, 19:27","","Curl Bicipiti (Manubrio)",,"",0,"failure",6,8,,0,
"Pull","10 mar 2026, 18:37","10 mar 2026, 19:27","","Curl Bicipiti (Manubrio)",,"",1,"failure",6,7,,0,
"Pull","10 mar 2026, 18:37","10 mar 2026, 19:27","","Curl Bicipiti (Manubrio)",,"",2,"failure",6,6,,0,
"Pull","10 mar 2026, 18:37","10 mar 2026, 19:27","","Bayesian curl",,"",0,"failure",2.5,15,,0,
"Pull","10 mar 2026, 18:37","10 mar 2026, 19:27","","Bayesian curl",,"",1,"failure",2.5,15,,0,
"Push","9 mar 2026, 19:06","9 mar 2026, 19:58","","Chest Press (Macchina)",,"",0,"failure",30,10,,0,
"Push","9 mar 2026, 19:06","9 mar 2026, 19:58","","Chest Press (Macchina)",,"",1,"failure",30,8,,0,
"Push","9 mar 2026, 19:06","9 mar 2026, 19:58","","Chest Press (Macchina)",,"",2,"failure",30,6,,0,
"Push","9 mar 2026, 19:06","9 mar 2026, 19:58","","Panca Inclinata (Manubrio)",,"",0,"failure",8,15,,0,
"Push","9 mar 2026, 19:06","9 mar 2026, 19:58","","Panca Inclinata (Manubrio)",,"",1,"failure",10,9,,0,
"Push","9 mar 2026, 19:06","9 mar 2026, 19:58","","Lento in Avanti (Manubrio)",,"",0,"failure",10,4,,0,
"Push","9 mar 2026, 19:06","9 mar 2026, 19:58","","Lento in Avanti (Manubrio)",,"",1,"failure",10,4,,0,
"Push","9 mar 2026, 19:06","9 mar 2026, 19:58","","Lento in Avanti (Manubrio)",,"",2,"failure",10,4,,0,
"Push","9 mar 2026, 19:06","9 mar 2026, 19:58","","Aperture Laterali (Manubrio)",,"",0,"failure",5,8,,0,
"Push","9 mar 2026, 19:06","9 mar 2026, 19:58","","Aperture Laterali (Manubrio)",,"",1,"failure",5,7,,0,
"Push","9 mar 2026, 19:06","9 mar 2026, 19:58","","Pushdown Tricipiti",,"",0,"failure",12.5,9,,0,
"Push","9 mar 2026, 19:06","9 mar 2026, 19:58","","Pushdown Tricipiti",,"",1,"failure",12.5,5,,0,
"Push","9 mar 2026, 19:06","9 mar 2026, 19:58","","Pushdown Tricipiti",,"",2,"failure",10,10,,0,
"Push","9 mar 2026, 19:06","9 mar 2026, 19:58","","Crunch (Macchina)",,"",0,"failure",45,6,,0,
"Push","9 mar 2026, 19:06","9 mar 2026, 19:58","","Crunch (Macchina)",,"",1,"failure",45,6,,0,
"Push","9 mar 2026, 19:06","9 mar 2026, 19:58","","Crunch (Macchina)",,"",2,"failure",45,6,,0,
"Leg","8 mar 2026, 09:57","8 mar 2026, 11:33","","Estensione Polpacci (Macchina)",,"",0,"failure",60,12,,0,
"Leg","8 mar 2026, 09:57","8 mar 2026, 11:33","","Estensione Polpacci (Macchina)",,"",1,"failure",60,12,,0,
"Leg","8 mar 2026, 09:57","8 mar 2026, 11:33","","Estensione Polpacci (Macchina)",,"",2,"failure",60,12,,0,
"Leg","8 mar 2026, 09:57","8 mar 2026, 11:33","","Hip Thrust (macchina)",,"",0,"failure",37.5,6,,0,
"Leg","8 mar 2026, 09:57","8 mar 2026, 11:33","","Hip Thrust (macchina)",,"",1,"failure",37.5,5,,0,
"Leg","8 mar 2026, 09:57","8 mar 2026, 11:33","","Hip Thrust (macchina)",,"",2,"failure",37.5,5,,0,
"Leg","8 mar 2026, 09:57","8 mar 2026, 11:33","","Affondi (Manubrio)",,"",0,"normal",8,12,,0,
"Leg","8 mar 2026, 09:57","8 mar 2026, 11:33","","Affondi (Manubrio)",,"",1,"normal",8,12,,0,
"Leg","8 mar 2026, 09:57","8 mar 2026, 11:33","","Stacco da Terra (Manubrio)",,"",0,"failure",40,7,,0,
"Leg","8 mar 2026, 09:57","8 mar 2026, 11:33","","Stacco da Terra (Manubrio)",,"",1,"failure",40,6,,0,
"Leg","8 mar 2026, 09:57","8 mar 2026, 11:33","","Stacco da Terra (Manubrio)",,"",2,"failure",40,5,,0,
"Leg","8 mar 2026, 09:57","8 mar 2026, 11:33","","Leg Press (Macchina)",,"",0,"failure",140,5,,0,
"Leg","8 mar 2026, 09:57","8 mar 2026, 11:33","","Leg Press (Macchina)",,"",1,"failure",140,5,,0,
"Leg","8 mar 2026, 09:57","8 mar 2026, 11:33","","Leg Curl Seduto (Macchina)",,"",0,"failure",35,10,,0,
"Leg","8 mar 2026, 09:57","8 mar 2026, 11:33","","Leg Curl Seduto (Macchina)",,"",1,"failure",40,6,,0,
"Leg","8 mar 2026, 09:57","8 mar 2026, 11:33","","Back Extension (Macchina)",,"",0,"failure",30,7,,0,
"Leg","8 mar 2026, 09:57","8 mar 2026, 11:33","","Back Extension (Macchina)",,"",1,"failure",40,7,,0,
"Leg","8 mar 2026, 09:57","8 mar 2026, 11:33","","Back Extension (Macchina)",,"",2,"failure",40,5,,0,
"Leg","8 mar 2026, 09:57","8 mar 2026, 11:33","","Abduzione Anche (Macchina)",,"",0,"failure",90,10,,0,
"Leg","8 mar 2026, 09:57","8 mar 2026, 11:33","","Abduzione Anche (Macchina)",,"",1,"failure",90,10,,0,
"Leg","8 mar 2026, 09:57","8 mar 2026, 11:33","","Abduzione Anche (Macchina)",,"",2,"failure",90,10,,0,
"Pull","5 mar 2026, 18:43","5 mar 2026, 19:33","","Lat Pulldown (Macchina)",,"",0,"failure",35,10,,0,
"Pull","5 mar 2026, 18:43","5 mar 2026, 19:33","","Lat Pulldown (Macchina)",,"",1,"failure",35,8,,0,
"Pull","5 mar 2026, 18:43","5 mar 2026, 19:33","","Lat Pulldown (Macchina)",,"",2,"failure",35,7,,0,
"Pull","5 mar 2026, 18:43","5 mar 2026, 19:33","","Lat Pulldown (Macchina)",,"",0,"failure",35,6,,0,
"Pull","5 mar 2026, 18:43","5 mar 2026, 19:33","","Lat Pulldown (Macchina)",,"",1,"failure",35,5,,0,
"Pull","5 mar 2026, 18:43","5 mar 2026, 19:33","","Rematore al Cavo da Seduto",,"",0,"failure",20,8,,0,
"Pull","5 mar 2026, 18:43","5 mar 2026, 19:33","","Rematore al Cavo da Seduto",,"",1,"failure",20,7,,0,
"Pull","5 mar 2026, 18:43","5 mar 2026, 19:33","","Rematore al Cavo da Seduto",,"",2,"failure",20,7,,0,
"Pull","5 mar 2026, 18:43","5 mar 2026, 19:33","","Face Pull",,"",0,"failure",15,10,,0,
"Pull","5 mar 2026, 18:43","5 mar 2026, 19:33","","Face Pull",,"",1,"failure",15,8,,0,
"Pull","5 mar 2026, 18:43","5 mar 2026, 19:33","","Curl Bicipiti (Manubrio)",,"",0,"failure",6,7,,0,
"Pull","5 mar 2026, 18:43","5 mar 2026, 19:33","","Curl Bicipiti (Manubrio)",,"",1,"failure",6,7,,0,
"Pull","5 mar 2026, 18:43","5 mar 2026, 19:33","","Curl Bicipiti (Manubrio)",,"",2,"failure",6,6,,0,
"Pull","5 mar 2026, 18:43","5 mar 2026, 19:33","","Bayesian curl",,"",0,"failure",2.5,15,,0,
"Pull","5 mar 2026, 18:43","5 mar 2026, 19:33","","Bayesian curl",,"",1,"failure",2.5,14,,0,
"Push","2 mar 2026, 18:32","2 mar 2026, 19:20","","Chest Press (Macchina)",,"",0,"failure",30,7,,0,
"Push","2 mar 2026, 18:32","2 mar 2026, 19:20","","Chest Press (Macchina)",,"",1,"failure",30,7,,0,
"Push","2 mar 2026, 18:32","2 mar 2026, 19:20","","Chest Press (Macchina)",,"",2,"failure",30,6,,0,
"Push","2 mar 2026, 18:32","2 mar 2026, 19:20","","Panca Inclinata (Manubrio)",,"",0,"failure",8,12,,0,
"Push","2 mar 2026, 18:32","2 mar 2026, 19:20","","Panca Inclinata (Manubrio)",,"",1,"failure",8,10,,0,
"Push","2 mar 2026, 18:32","2 mar 2026, 19:20","","Lento in Avanti (Manubrio)",,"",0,"failure",8,7,,0,
"Push","2 mar 2026, 18:32","2 mar 2026, 19:20","","Lento in Avanti (Manubrio)",,"",1,"failure",8,7,,0,
"Push","2 mar 2026, 18:32","2 mar 2026, 19:20","","Lento in Avanti (Manubrio)",,"",2,"failure",8,6,,0,
"Push","2 mar 2026, 18:32","2 mar 2026, 19:20","","Aperture Laterali (Manubrio)",,"",0,"failure",5,8,,0,
"Push","2 mar 2026, 18:32","2 mar 2026, 19:20","","Aperture Laterali (Manubrio)",,"",1,"failure",5,7,,0,
"Push","2 mar 2026, 18:32","2 mar 2026, 19:20","","Pushdown Tricipiti",,"",0,"failure",12.5,7,,0,
"Push","2 mar 2026, 18:32","2 mar 2026, 19:20","","Pushdown Tricipiti",,"",1,"failure",10,12,,0,
"Push","2 mar 2026, 18:32","2 mar 2026, 19:20","","Pushdown Tricipiti",,"",2,"failure",10,11,,0,
"Push","2 mar 2026, 18:32","2 mar 2026, 19:20","","Crunch (Macchina)",,"",0,"failure",40,12,,0,
"Push","2 mar 2026, 18:32","2 mar 2026, 19:20","","Crunch (Macchina)",,"",1,"failure",40,12,,0,
"Push","2 mar 2026, 18:32","2 mar 2026, 19:20","","Crunch (Macchina)",,"",2,"failure",40,9,,0,
"Full body","1 mar 2026, 11:52","1 mar 2026, 13:32","","Hip Thrust (macchina)",,"",0,"failure",35,6,,0,
"Full body","1 mar 2026, 11:52","1 mar 2026, 13:32","","Hip Thrust (macchina)",,"",1,"failure",35,6,,0,
"Full body","1 mar 2026, 11:52","1 mar 2026, 13:32","","Hip Thrust (macchina)",,"",2,"failure",35,6,,0,
"Full body","1 mar 2026, 11:52","1 mar 2026, 13:32","","Hip Thrust (macchina)",,"",3,"failure",35,5,,0,
"Full body","1 mar 2026, 11:52","1 mar 2026, 13:32","","Stacco da Terra (Manubrio)",,"",0,"failure",36,6,,0,
"Full body","1 mar 2026, 11:52","1 mar 2026, 13:32","","Stacco da Terra (Manubrio)",,"",1,"failure",36,5,,0,
"Full body","1 mar 2026, 11:52","1 mar 2026, 13:32","","Stacco da Terra (Manubrio)",,"",2,"failure",36,6,,0,
"Full body","1 mar 2026, 11:52","1 mar 2026, 13:32","","Stacco da Terra (Manubrio)",,"",3,"failure",36,5,,0,
"Full body","1 mar 2026, 11:52","1 mar 2026, 13:32","","Abduzione Anche (Macchina)",,"",0,"failure",85,10,,0,
"Full body","1 mar 2026, 11:52","1 mar 2026, 13:32","","Abduzione Anche (Macchina)",,"",1,"failure",85,10,,0,
"Full body","1 mar 2026, 11:52","1 mar 2026, 13:32","","Estensioni Glutei al Cavo",,"",0,"failure",7.5,12,,0,
"Full body","1 mar 2026, 11:52","1 mar 2026, 13:32","","Estensioni Glutei al Cavo",,"",1,"failure",7.5,12,,0,
"Full body","1 mar 2026, 11:52","1 mar 2026, 13:32","","Lat Pulldown (Macchina)",,"",0,"failure",35,8,,0,
"Full body","1 mar 2026, 11:52","1 mar 2026, 13:32","","Lat Pulldown (Macchina)",,"",1,"failure",35,7,,0,
"Full body","1 mar 2026, 11:52","1 mar 2026, 13:32","","Lat Pulldown (Macchina)",,"",2,"failure",35,6,,0,
"Full body","1 mar 2026, 11:52","1 mar 2026, 13:32","","Lento in Avanti (Manubrio)",,"",0,"failure",8,12,,0,
"Full body","1 mar 2026, 11:52","1 mar 2026, 13:32","","Lento in Avanti (Manubrio)",,"",1,"failure",8,7,,0,
"Full body","1 mar 2026, 11:52","1 mar 2026, 13:32","","Lento in Avanti (Manubrio)",,"",2,"failure",8,6,,0,
"Full body","1 mar 2026, 11:52","1 mar 2026, 13:32","","Alzata Frontale (Manubrio)",,"",0,"failure",4,9,,0,
"Full body","1 mar 2026, 11:52","1 mar 2026, 13:32","","Alzata Frontale (Manubrio)",,"",1,"failure",4,10,,0,
"Full body","1 mar 2026, 11:52","1 mar 2026, 13:32","","Bicipiti Martello (Manubrio)",0,"",0,"failure",6,9,,0,
"Full body","1 mar 2026, 11:52","1 mar 2026, 13:32","","Bicipiti Martello (Manubrio)",0,"",1,"failure",6,8,,0,
"Full body","1 mar 2026, 11:52","1 mar 2026, 13:32","","Bicipiti Martello (Manubrio)",0,"",2,"failure",6,7,,0,
"Full body","1 mar 2026, 11:52","1 mar 2026, 13:32","","Pushdown Tricipiti",0,"",0,"failure",12.5,12,,0,
"Full body","1 mar 2026, 11:52","1 mar 2026, 13:32","","Pushdown Tricipiti",0,"",1,"failure",12.5,9,,0,
"Full body","1 mar 2026, 11:52","1 mar 2026, 13:32","","Pushdown Tricipiti",0,"",2,"failure",12.5,6,,0,
"Pull","24 feb 2026, 18:37","24 feb 2026, 19:23","","Lat Pulldown (Macchina)",,"",0,"failure",35,8,,0,
"Pull","24 feb 2026, 18:37","24 feb 2026, 19:23","","Lat Pulldown (Macchina)",,"",1,"failure",35,8,,0,
"Pull","24 feb 2026, 18:37","24 feb 2026, 19:23","","Lat Pulldown (Macchina)",,"",2,"failure",35,6,,0,
"Pull","24 feb 2026, 18:37","24 feb 2026, 19:23","","Lat Pulldown (Macchina)",,"",0,"failure",30,8,,0,
"Pull","24 feb 2026, 18:37","24 feb 2026, 19:23","","Lat Pulldown (Macchina)",,"",1,"failure",30,8,,0,
"Pull","24 feb 2026, 18:37","24 feb 2026, 19:23","","Rematore al Cavo da Seduto",,"",0,"failure",20,8,,0,
"Pull","24 feb 2026, 18:37","24 feb 2026, 19:23","","Rematore al Cavo da Seduto",,"",1,"failure",15,9,,0,
"Pull","24 feb 2026, 18:37","24 feb 2026, 19:23","","Rematore al Cavo da Seduto",,"",2,"failure",15,9,,0,
"Pull","24 feb 2026, 18:37","24 feb 2026, 19:23","","Face Pull",,"",0,"failure",15,7,,0,
"Pull","24 feb 2026, 18:37","24 feb 2026, 19:23","","Face Pull",,"",1,"failure",12.5,12,,0,
"Pull","24 feb 2026, 18:37","24 feb 2026, 19:23","","Curl Bicipiti (Manubrio)",,"",0,"failure",6,6,,0,
"Pull","24 feb 2026, 18:37","24 feb 2026, 19:23","","Curl Bicipiti (Manubrio)",,"",1,"failure",6,5,,0,
"Pull","24 feb 2026, 18:37","24 feb 2026, 19:23","","Curl Bicipiti (Manubrio)",,"",2,"failure",6,5,,0,
"Pull","24 feb 2026, 18:37","24 feb 2026, 19:23","","Bayesian curl",,"",0,"failure",2.5,9,,0,
"Pull","24 feb 2026, 18:37","24 feb 2026, 19:23","","Bayesian curl",,"",1,"failure",2.5,8,,0,
"Push","23 feb 2026, 18:46","23 feb 2026, 19:37","","Chest Press (Macchina)",,"",0,"failure",30,6,,0,
"Push","23 feb 2026, 18:46","23 feb 2026, 19:37","","Chest Press (Macchina)",,"",1,"failure",25,6,,0,
"Push","23 feb 2026, 18:46","23 feb 2026, 19:37","","Chest Press (Macchina)",,"",2,"failure",25,6,,0,
"Push","23 feb 2026, 18:46","23 feb 2026, 19:37","","Panca Inclinata (Manubrio)",,"",0,"failure",8,10,,0,
"Push","23 feb 2026, 18:46","23 feb 2026, 19:37","","Panca Inclinata (Manubrio)",,"",1,"failure",8,8,,0,
"Push","23 feb 2026, 18:46","23 feb 2026, 19:37","","Lento in Avanti (Manubrio)",,"",0,"failure",8,6,,0,
"Push","23 feb 2026, 18:46","23 feb 2026, 19:37","","Lento in Avanti (Manubrio)",,"",1,"failure",8,6,,0,
"Push","23 feb 2026, 18:46","23 feb 2026, 19:37","","Lento in Avanti (Manubrio)",,"",2,"failure",8,6,,0,
"Push","23 feb 2026, 18:46","23 feb 2026, 19:37","","Aperture Laterali (Manubrio)",,"",0,"failure",5,10,,0,
"Push","23 feb 2026, 18:46","23 feb 2026, 19:37","","Aperture Laterali (Manubrio)",,"",1,"failure",5,10,,0,
"Push","23 feb 2026, 18:46","23 feb 2026, 19:37","","Pushdown Tricipiti",,"",0,"failure",10,12,,0,
"Push","23 feb 2026, 18:46","23 feb 2026, 19:37","","Pushdown Tricipiti",,"",1,"failure",7.5,6,,0,
"Push","23 feb 2026, 18:46","23 feb 2026, 19:37","","Pushdown Tricipiti",,"",2,"failure",7.5,6,,0,
"Push","23 feb 2026, 18:46","23 feb 2026, 19:37","","Crunch (Macchina)",,"",0,"failure",40,12,,0,
"Push","23 feb 2026, 18:46","23 feb 2026, 19:37","","Crunch (Macchina)",,"",1,"failure",40,10,,0,
"Push","23 feb 2026, 18:46","23 feb 2026, 19:37","","Crunch (Macchina)",,"",2,"failure",40,7,,0,
"Push","23 feb 2026, 18:46","23 feb 2026, 19:37","","Tapis Roulant",,"",0,"normal",,0,1,600,
"Leg","22 feb 2026, 10:43","22 feb 2026, 11:58","","Estensione Polpacci (Macchina)",,"",0,"failure",60,15,,0,
"Leg","22 feb 2026, 10:43","22 feb 2026, 11:58","","Estensione Polpacci (Macchina)",,"",1,"failure",60,15,,0,
"Leg","22 feb 2026, 10:43","22 feb 2026, 11:58","","Estensione Polpacci (Macchina)",,"",2,"failure",60,15,,0,
"Leg","22 feb 2026, 10:43","22 feb 2026, 11:58","","Hip Thrust (Machine)",,"",0,"failure",30,8,,0,
"Leg","22 feb 2026, 10:43","22 feb 2026, 11:58","","Hip Thrust (Machine)",,"",1,"failure",30,10,,0,
"Leg","22 feb 2026, 10:43","22 feb 2026, 11:58","","Hip Thrust (Machine)",,"",2,"failure",30,8,,0,
"Leg","22 feb 2026, 10:43","22 feb 2026, 11:58","","Affondi (Manubrio)",,"",0,"normal",8,12,,0,
"Leg","22 feb 2026, 10:43","22 feb 2026, 11:58","","Affondi (Manubrio)",,"",1,"normal",8,12,,0,
"Leg","22 feb 2026, 10:43","22 feb 2026, 11:58","","Stacco da Terra (Bilanciere)",,"",0,"failure",32.5,7,,0,
"Leg","22 feb 2026, 10:43","22 feb 2026, 11:58","","Stacco da Terra (Bilanciere)",,"",1,"failure",35,7,,0,
"Leg","22 feb 2026, 10:43","22 feb 2026, 11:58","","Stacco da Terra (Bilanciere)",,"",2,"failure",32.5,7,,0,
"Leg","22 feb 2026, 10:43","22 feb 2026, 11:58","","Leg Press Orizzontale (Macchina)",,"",0,"failure",50,12,,0,
"Leg","22 feb 2026, 10:43","22 feb 2026, 11:58","","Leg Press Orizzontale (Macchina)",,"",1,"failure",60,12,,0,
"Leg","22 feb 2026, 10:43","22 feb 2026, 11:58","","Leg Curl Seduto (Macchina)",,"",0,"failure",30,10,,0,
"Leg","22 feb 2026, 10:43","22 feb 2026, 11:58","","Leg Curl Seduto (Macchina)",,"",1,"failure",30,9,,0,
"Leg","22 feb 2026, 10:43","22 feb 2026, 11:58","","Back Extension (Macchina)",,"",0,"failure",25,12,,0,
"Leg","22 feb 2026, 10:43","22 feb 2026, 11:58","","Back Extension (Macchina)",,"",1,"failure",30,6,,0,
"Leg","22 feb 2026, 10:43","22 feb 2026, 11:58","","Back Extension (Macchina)",,"",2,"failure",30,6,,0,
"Leg","22 feb 2026, 10:43","22 feb 2026, 11:58","","Abduzione Anche (Macchina)",,"",0,"failure",80,11,,0,
"Leg","22 feb 2026, 10:43","22 feb 2026, 11:58","","Abduzione Anche (Macchina)",,"",1,"failure",80,10,,0,
"Leg","22 feb 2026, 10:43","22 feb 2026, 11:58","","Abduzione Anche (Macchina)",,"",2,"failure",80,10,,0,
"Pull","21 feb 2026, 16:06","21 feb 2026, 16:51","","Lat Pulldown (Macchina)",,"",0,"failure",35,8,,0,
"Pull","21 feb 2026, 16:06","21 feb 2026, 16:51","","Lat Pulldown (Macchina)",,"",1,"failure",35,6,,0,
"Pull","21 feb 2026, 16:06","21 feb 2026, 16:51","","Lat Pulldown (Macchina)",,"",2,"failure",35,5,,0,
"Pull","21 feb 2026, 16:06","21 feb 2026, 16:51","","Lat Pulldown (Macchina)",,"",0,"failure",30,8,,0,
"Pull","21 feb 2026, 16:06","21 feb 2026, 16:51","","Lat Pulldown (Macchina)",,"",1,"failure",30,8,,0,
"Pull","21 feb 2026, 16:06","21 feb 2026, 16:51","","Rematore al Cavo da Seduto",,"",0,"failure",20,9,,0,
"Pull","21 feb 2026, 16:06","21 feb 2026, 16:51","","Rematore al Cavo da Seduto",,"",1,"failure",20,7,,0,
"Pull","21 feb 2026, 16:06","21 feb 2026, 16:51","","Rematore al Cavo da Seduto",,"",2,"failure",20,7,,0,
"Pull","21 feb 2026, 16:06","21 feb 2026, 16:51","","Face Pull",,"",0,"failure",15,7,,0,
"Pull","21 feb 2026, 16:06","21 feb 2026, 16:51","","Face Pull",,"",1,"failure",15,7,,0,
"Pull","21 feb 2026, 16:06","21 feb 2026, 16:51","","Curl Bicipiti (Manubrio)",,"",0,"failure",6,5,,0,
"Pull","21 feb 2026, 16:06","21 feb 2026, 16:51","","Curl Bicipiti (Manubrio)",,"",1,"failure",6,4,,0,
"Pull","21 feb 2026, 16:06","21 feb 2026, 16:51","","Curl Bicipiti (Manubrio)",,"",2,"failure",6,4,,0,
"Pull","21 feb 2026, 16:06","21 feb 2026, 16:51","","Bayesian curl",,"",0,"failure",2.5,6,,0,
"Pull","21 feb 2026, 16:06","21 feb 2026, 16:51","","Bayesian curl",,"",1,"failure",2.5,6,,0,
"Push","20 feb 2026, 18:57","20 feb 2026, 19:51","","Chest Press (Macchina)",,"",0,"failure",25,6,,0,
"Push","20 feb 2026, 18:57","20 feb 2026, 19:51","","Chest Press (Macchina)",,"",1,"failure",25,6,,0,
"Push","20 feb 2026, 18:57","20 feb 2026, 19:51","","Chest Press (Macchina)",,"",2,"failure",25,5,,0,
"Push","20 feb 2026, 18:57","20 feb 2026, 19:51","","Panca Inclinata (Manubrio)",,"",0,"failure",10,6,,0,
"Push","20 feb 2026, 18:57","20 feb 2026, 19:51","","Panca Inclinata (Manubrio)",,"",1,"failure",10,4,,0,
"Push","20 feb 2026, 18:57","20 feb 2026, 19:51","","Lento in Avanti (Manubrio)",,"",0,"failure",8,6,,0,
"Push","20 feb 2026, 18:57","20 feb 2026, 19:51","","Lento in Avanti (Manubrio)",,"",1,"failure",8,5,,0,
"Push","20 feb 2026, 18:57","20 feb 2026, 19:51","","Lento in Avanti (Manubrio)",,"",2,"failure",8,5,,0,
"Push","20 feb 2026, 18:57","20 feb 2026, 19:51","","Aperture Laterali (Manubrio)",,"",0,"failure",4,12,,0,
"Push","20 feb 2026, 18:57","20 feb 2026, 19:51","","Aperture Laterali (Manubrio)",,"",1,"failure",5,6,,0,
"Push","20 feb 2026, 18:57","20 feb 2026, 19:51","","Pushdown Tricipiti",,"",0,"failure",12.5,11,,0,
"Push","20 feb 2026, 18:57","20 feb 2026, 19:51","","Pushdown Tricipiti",,"",1,"failure",12.5,8,,0,
"Push","20 feb 2026, 18:57","20 feb 2026, 19:51","","Pushdown Tricipiti",,"",2,"failure",12.5,6,,0,
"Push","20 feb 2026, 18:57","20 feb 2026, 19:51","","Crunch (Macchina)",,"",0,"failure",35,15,,0,
"Push","20 feb 2026, 18:57","20 feb 2026, 19:51","","Crunch (Macchina)",,"",1,"failure",40,8,,0,
"Push","20 feb 2026, 18:57","20 feb 2026, 19:51","","Crunch (Macchina)",,"",2,"failure",40,8,,0,
"Push","20 feb 2026, 18:57","20 feb 2026, 19:51","","Tapis Roulant",,"",0,"normal",,0,1,600,
"Allenamento serale 🏋️","30 gen 2026, 19:08","30 gen 2026, 20:07","","Stacco da Terra (Manubrio)",,"",0,"warmup",14,8,,,
"Allenamento serale 🏋️","30 gen 2026, 19:08","30 gen 2026, 20:07","","Stacco da Terra (Manubrio)",,"",1,"failure",16,8,,,
"Allenamento serale 🏋️","30 gen 2026, 19:08","30 gen 2026, 20:07","","Stacco da Terra (Manubrio)",,"",2,"failure",18,6,,,
"Allenamento serale 🏋️","30 gen 2026, 19:08","30 gen 2026, 20:07","","Stacco da Terra (Manubrio)",,"",3,"failure",18,4,,,
"Allenamento serale 🏋️","30 gen 2026, 19:08","30 gen 2026, 20:07","","Hip Thrust (macchina)",,"",0,"warmup",25,6,,,
"Allenamento serale 🏋️","30 gen 2026, 19:08","30 gen 2026, 20:07","","Hip Thrust (macchina)",,"",1,"normal",30,6,,,
"Allenamento serale 🏋️","30 gen 2026, 19:08","30 gen 2026, 20:07","","Hip Thrust (macchina)",,"",2,"normal",30,6,,,
"Allenamento serale 🏋️","30 gen 2026, 19:08","30 gen 2026, 20:07","","Hip Thrust (macchina)",,"",3,"normal",30,5,,,
"Allenamento serale 🏋️","30 gen 2026, 19:08","30 gen 2026, 20:07","","Leg Press (Macchina)",,"",0,"failure",100,10,,,
"Allenamento serale 🏋️","30 gen 2026, 19:08","30 gen 2026, 20:07","","Leg Press (Macchina)",,"",1,"failure",100,8,,,
"Allenamento serale 🏋️","30 gen 2026, 19:08","30 gen 2026, 20:07","","Leg Press (Macchina)",,"",2,"failure",100,8,,,
"Allenamento serale 🏋️","30 gen 2026, 19:08","30 gen 2026, 20:07","","Abduzione Anche (Macchina)",,"",0,"failure",80,10,,,
"Allenamento serale 🏋️","30 gen 2026, 19:08","30 gen 2026, 20:07","","Abduzione Anche (Macchina)",,"",1,"failure",80,10,,,
"Allenamento serale 🏋️","30 gen 2026, 19:08","30 gen 2026, 20:07","","Abduzione Anche (Macchina)",,"",2,"failure",80,10,,,
"Allenamento serale 🏋️","30 gen 2026, 19:08","30 gen 2026, 20:07","","Calf Press (Macchina)",,"",0,"normal",50,12,,,
"Allenamento serale 🏋️","30 gen 2026, 19:08","30 gen 2026, 20:07","","Calf Press (Macchina)",,"",1,"normal",50,12,,,
"Pull","27 gen 2026, 18:27","27 gen 2026, 19:15","","Lat Pulldown (Macchina)",,"",0,"failure",35,8,,0,
"Pull","27 gen 2026, 18:27","27 gen 2026, 19:15","","Lat Pulldown (Macchina)",,"",1,"failure",35,8,,0,
"Pull","27 gen 2026, 18:27","27 gen 2026, 19:15","","Lat Pulldown (Macchina)",,"",2,"failure",35,5,,0,
"Pull","27 gen 2026, 18:27","27 gen 2026, 19:15","","Lat Pulldown (Macchina)",,"",0,"failure",30,8,,0,
"Pull","27 gen 2026, 18:27","27 gen 2026, 19:15","","Lat Pulldown (Macchina)",,"",1,"failure",30,5,,0,
"Pull","27 gen 2026, 18:27","27 gen 2026, 19:15","","Rematore al Cavo da Seduto",,"",0,"failure",15,11,,0,
"Pull","27 gen 2026, 18:27","27 gen 2026, 19:15","","Rematore al Cavo da Seduto",,"",1,"failure",15,11,,0,
"Pull","27 gen 2026, 18:27","27 gen 2026, 19:15","","Rematore al Cavo da Seduto",,"",2,"failure",20,8,,0,
"Pull","27 gen 2026, 18:27","27 gen 2026, 19:15","","Face Pull",,"",0,"failure",15,9,,0,
"Pull","27 gen 2026, 18:27","27 gen 2026, 19:15","","Face Pull",,"",1,"failure",15,8,,0,
"Pull","27 gen 2026, 18:27","27 gen 2026, 19:15","","Curl Bicipiti (Manubrio)",,"",0,"failure",6,6,,0,
"Pull","27 gen 2026, 18:27","27 gen 2026, 19:15","","Curl Bicipiti (Manubrio)",,"",1,"failure",6,5,,0,
"Pull","27 gen 2026, 18:27","27 gen 2026, 19:15","","Curl Bicipiti (Manubrio)",,"",2,"failure",6,5,,0,
"Pull","27 gen 2026, 18:27","27 gen 2026, 19:15","","Bayesian curl",,"",0,"failure",2.5,8,,0,
"Pull","27 gen 2026, 18:27","27 gen 2026, 19:15","","Bayesian curl",,"",1,"failure",2.5,8,,0,
"Pull","27 gen 2026, 18:27","27 gen 2026, 19:15","","Tapis Roulant",,"",0,"normal",,0,,600,
"Push","26 gen 2026, 18:36","26 gen 2026, 19:47","","Chest Press (Macchina)",,"",0,"failure",20,12,,,
"Push","26 gen 2026, 18:36","26 gen 2026, 19:47","","Chest Press (Macchina)",,"",1,"failure",30,5,,,
"Push","26 gen 2026, 18:36","26 gen 2026, 19:47","","Chest Press (Macchina)",,"",2,"failure",30,5,,,
"Push","26 gen 2026, 18:36","26 gen 2026, 19:47","","Panca Inclinata (Manubrio)",,"",0,"failure",10,6,,,
"Push","26 gen 2026, 18:36","26 gen 2026, 19:47","","Panca Inclinata (Manubrio)",,"",1,"failure",10,5,,,
"Push","26 gen 2026, 18:36","26 gen 2026, 19:47","","Lento in Avanti (Smith Machine)",,"",0,"failure",10,6,,,
"Push","26 gen 2026, 18:36","26 gen 2026, 19:47","","Lento in Avanti (Smith Machine)",,"",1,"failure",10,4,,,
"Push","26 gen 2026, 18:36","26 gen 2026, 19:47","","Lento in Avanti (Smith Machine)",,"",2,"failure",7.5,6,,,
"Push","26 gen 2026, 18:36","26 gen 2026, 19:47","","Aperture Laterali (Manubrio)",,"",0,"failure",4,12,,,
"Push","26 gen 2026, 18:36","26 gen 2026, 19:47","","Aperture Laterali (Manubrio)",,"",1,"failure",4,12,,,
"Push","26 gen 2026, 18:36","26 gen 2026, 19:47","","Estensione Tricipiti Braccio Singolo (Manubrio)",,"Q",0,"failure",4,12,,,
"Push","26 gen 2026, 18:36","26 gen 2026, 19:47","","Estensione Tricipiti Braccio Singolo (Manubrio)",,"Q",1,"failure",4,10,,,
"Push","26 gen 2026, 18:36","26 gen 2026, 19:47","","Estensione Tricipiti Braccio Singolo (Manubrio)",,"Q",2,"failure",4,10,,,
"Push","26 gen 2026, 18:36","26 gen 2026, 19:47","","Pushdown Tricipiti",,"",0,"failure",10,12,,,
"Push","26 gen 2026, 18:36","26 gen 2026, 19:47","","Pushdown Tricipiti",,"",1,"failure",10,9,,,
"Push","26 gen 2026, 18:36","26 gen 2026, 19:47","","Crunch (Macchina)",,"",0,"failure",35,15,,,
"Push","26 gen 2026, 18:36","26 gen 2026, 19:47","","Crunch (Macchina)",,"",1,"failure",35,15,,,
"Push","26 gen 2026, 18:36","26 gen 2026, 19:47","","Crunch (Macchina)",,"",2,"failure",35,15,,,
"Push","26 gen 2026, 18:36","26 gen 2026, 19:47","","Tapis Roulant",,"",0,"normal",,,1,600,
"Leg","11 gen 2026, 12:19","11 gen 2026, 13:27","","Estensione Polpacci (Macchina)",,"",0,"failure",65,10,,0,
"Leg","11 gen 2026, 12:19","11 gen 2026, 13:27","","Estensione Polpacci (Macchina)",,"",1,"failure",65,9,,0,
"Leg","11 gen 2026, 12:19","11 gen 2026, 13:27","","Estensione Polpacci (Macchina)",,"",2,"failure",65,9,,0,
"Leg","11 gen 2026, 12:19","11 gen 2026, 13:27","","Hip Thrust (macchina)",,"",0,"failure",32.5,5,,0,
"Leg","11 gen 2026, 12:19","11 gen 2026, 13:27","","Hip Thrust (macchina)",,"",1,"failure",32.5,5,,0,
"Leg","11 gen 2026, 12:19","11 gen 2026, 13:27","","Hip Thrust (macchina)",,"",2,"failure",32.5,5,,0,
"Leg","11 gen 2026, 12:19","11 gen 2026, 13:27","","Hack Squat (Macchina)",,"",0,"normal",10,6,,0,
"Leg","11 gen 2026, 12:19","11 gen 2026, 13:27","","Hack Squat (Macchina)",,"",1,"normal",10,6,,0,
"Leg","11 gen 2026, 12:19","11 gen 2026, 13:27","","Stacco da Terra (Bilanciere)",,"",0,"failure",30,8,,0,
"Leg","11 gen 2026, 12:19","11 gen 2026, 13:27","","Stacco da Terra (Bilanciere)",,"",1,"failure",35,7,,0,
"Leg","11 gen 2026, 12:19","11 gen 2026, 13:27","","Stacco da Terra (Bilanciere)",,"",2,"failure",40,6,,0,
"Leg","11 gen 2026, 12:19","11 gen 2026, 13:27","","Leg Press (Macchina)",,"",0,"failure",100,10,,0,
"Leg","11 gen 2026, 12:19","11 gen 2026, 13:27","","Leg Press (Macchina)",,"",1,"failure",120,6,,0,
"Leg","11 gen 2026, 12:19","11 gen 2026, 13:27","","Leg Curl Seduto (Macchina)",,"",0,"failure",35,10,,0,
"Leg","11 gen 2026, 12:19","11 gen 2026, 13:27","","Leg Curl Seduto (Macchina)",,"",1,"failure",35,7,,0,
"Leg","11 gen 2026, 12:19","11 gen 2026, 13:27","","Estensione Dorso (Ipertensione con Peso)",,"",0,"failure",8,8,,0,
"Leg","11 gen 2026, 12:19","11 gen 2026, 13:27","","Estensione Dorso (Ipertensione con Peso)",,"",1,"failure",8,8,,0,
"Leg","11 gen 2026, 12:19","11 gen 2026, 13:27","","Estensione Dorso (Ipertensione con Peso)",,"",2,"failure",8,7,,0,
"Leg","11 gen 2026, 12:19","11 gen 2026, 13:27","","Abduzione Anche (Macchina)",,"",0,"failure",70,15,,0,
"Leg","11 gen 2026, 12:19","11 gen 2026, 13:27","","Abduzione Anche (Macchina)",,"",1,"failure",70,15,,0,
"Leg","11 gen 2026, 12:19","11 gen 2026, 13:27","","Abduzione Anche (Macchina)",,"",2,"failure",70,15,,0,
"Leg","11 gen 2026, 12:19","11 gen 2026, 13:27","","Tapis Roulant",,"",0,"normal",,0,1,600,
"Push","10 gen 2026, 16:39","10 gen 2026, 17:40","","Chest Press (Macchina)",,"",0,"failure",20,9,,0,
"Push","10 gen 2026, 16:39","10 gen 2026, 17:40","","Chest Press (Macchina)",,"",1,"failure",20,8,,0,
"Push","10 gen 2026, 16:39","10 gen 2026, 17:40","","Chest Press (Macchina)",,"",2,"failure",20,6,,0,
"Push","10 gen 2026, 16:39","10 gen 2026, 17:40","","Panca Inclinata (Manubrio)",,"",0,"failure",8,10,,0,
"Push","10 gen 2026, 16:39","10 gen 2026, 17:40","","Panca Inclinata (Manubrio)",,"",1,"failure",8,10,,0,
"Push","10 gen 2026, 16:39","10 gen 2026, 17:40","","Lento in Avanti (Smith Machine)",,"",0,"failure",10,6,,0,
"Push","10 gen 2026, 16:39","10 gen 2026, 17:40","","Lento in Avanti (Smith Machine)",,"",1,"failure",10,6,,0,
"Push","10 gen 2026, 16:39","10 gen 2026, 17:40","","Lento in Avanti (Smith Machine)",,"",2,"failure",10,5,,0,
"Push","10 gen 2026, 16:39","10 gen 2026, 17:40","","Aperture Laterali (Manubrio)",,"",0,"failure",5,7,,0,
"Push","10 gen 2026, 16:39","10 gen 2026, 17:40","","Aperture Laterali (Manubrio)",,"",1,"failure",5,7,,0,
"Push","10 gen 2026, 16:39","10 gen 2026, 17:40","","Estensione Tricipiti Braccio Singolo (Manubrio)",,"",0,"failure",5,8,,0,
"Push","10 gen 2026, 16:39","10 gen 2026, 17:40","","Estensione Tricipiti Braccio Singolo (Manubrio)",,"",1,"failure",5,8,,0,
"Push","10 gen 2026, 16:39","10 gen 2026, 17:40","","Estensione Tricipiti Braccio Singolo (Manubrio)",,"",2,"failure",5,5,,0,
"Push","10 gen 2026, 16:39","10 gen 2026, 17:40","","Pushdown Tricipiti",,"",0,"failure",12.5,11,,0,
"Push","10 gen 2026, 16:39","10 gen 2026, 17:40","","Pushdown Tricipiti",,"",1,"failure",15,5,,0,
"Push","10 gen 2026, 16:39","10 gen 2026, 17:40","","Crunch (Macchina)",,"",0,"failure",35,8,,0,
"Push","10 gen 2026, 16:39","10 gen 2026, 17:40","","Crunch (Macchina)",,"",1,"failure",35,8,,0,
"Push","10 gen 2026, 16:39","10 gen 2026, 17:40","","Crunch (Macchina)",,"",2,"failure",35,8,,0,
"Push","10 gen 2026, 16:39","10 gen 2026, 17:40","","Tapis Roulant",,"",0,"normal",,0,,1200,
"Push","30 dic 2025, 10:44","30 dic 2025, 11:45","","Chest Press (Macchina)",,"",0,"failure",20,8,,0,
"Push","30 dic 2025, 10:44","30 dic 2025, 11:45","","Chest Press (Macchina)",,"",1,"failure",20,6,,0,
"Push","30 dic 2025, 10:44","30 dic 2025, 11:45","","Chest Press (Macchina)",,"",2,"failure",20,6,,0,
"Push","30 dic 2025, 10:44","30 dic 2025, 11:45","","Panca Inclinata (Manubrio)",,"",0,"failure",8,10,,0,
"Push","30 dic 2025, 10:44","30 dic 2025, 11:45","","Panca Inclinata (Manubrio)",,"",1,"failure",8,8,,0,
"Push","30 dic 2025, 10:44","30 dic 2025, 11:45","","Lento in Avanti (Smith Machine)",,"",0,"failure",10,5,,0,
"Push","30 dic 2025, 10:44","30 dic 2025, 11:45","","Lento in Avanti (Smith Machine)",,"",1,"failure",10,5,,0,
"Push","30 dic 2025, 10:44","30 dic 2025, 11:45","","Lento in Avanti (Smith Machine)",,"",2,"failure",10,4,,0,
"Push","30 dic 2025, 10:44","30 dic 2025, 11:45","","Aperture Laterali (Manubrio)",,"",0,"failure",4,11,,0,
"Push","30 dic 2025, 10:44","30 dic 2025, 11:45","","Aperture Laterali (Manubrio)",,"",1,"failure",4,11,,0,
"Push","30 dic 2025, 10:44","30 dic 2025, 11:45","","Estensione Tricipiti Braccio Singolo (Manubrio)",,"",0,"failure",4,14,,0,
"Push","30 dic 2025, 10:44","30 dic 2025, 11:45","","Estensione Tricipiti Braccio Singolo (Manubrio)",,"",1,"failure",4,10,,0,
"Push","30 dic 2025, 10:44","30 dic 2025, 11:45","","Estensione Tricipiti Braccio Singolo (Manubrio)",,"",2,"failure",4,6,,0,
"Push","30 dic 2025, 10:44","30 dic 2025, 11:45","","Pushdown Tricipiti",,"",0,"failure",12.5,7,,0,
"Push","30 dic 2025, 10:44","30 dic 2025, 11:45","","Pushdown Tricipiti",,"",1,"failure",12.5,7,,0,
"Push","30 dic 2025, 10:44","30 dic 2025, 11:45","","Crunch (Macchina)",,"",0,"failure",30,11,,0,
"Push","30 dic 2025, 10:44","30 dic 2025, 11:45","","Crunch (Macchina)",,"",1,"failure",30,11,,0,
"Push","30 dic 2025, 10:44","30 dic 2025, 11:45","","Crunch (Macchina)",,"",2,"failure",30,11,,0,
"Push","30 dic 2025, 10:44","30 dic 2025, 11:45","","Tapis Roulant",,"",0,"normal",,0,,1200,
"Full body","13 dic 2025, 10:55","13 dic 2025, 12:19","","Hip Thrust (macchina)",,"",0,"failure",32.5,8,,0,
"Full body","13 dic 2025, 10:55","13 dic 2025, 12:19","","Hip Thrust (macchina)",,"",1,"failure",32.5,8,,0,
"Full body","13 dic 2025, 10:55","13 dic 2025, 12:19","","Hip Thrust (macchina)",,"",2,"failure",35,7,,0,
"Full body","13 dic 2025, 10:55","13 dic 2025, 12:19","","Hip Thrust (macchina)",,"",3,"failure",35,6,,0,
"Full body","13 dic 2025, 10:55","13 dic 2025, 12:19","","Stacco da Terra (Manubrio)",,"",0,"failure",16,8,,0,
"Full body","13 dic 2025, 10:55","13 dic 2025, 12:19","","Stacco da Terra (Manubrio)",,"",1,"failure",16,8,,0,
"Full body","13 dic 2025, 10:55","13 dic 2025, 12:19","","Stacco da Terra (Manubrio)",,"",2,"failure",16,7,,0,
"Full body","13 dic 2025, 10:55","13 dic 2025, 12:19","","Stacco da Terra (Manubrio)",,"",3,"failure",16,6,,0,
"Full body","13 dic 2025, 10:55","13 dic 2025, 12:19","","Leg Press (Macchina)",,"",0,"failure",140,5,,0,
"Full body","13 dic 2025, 10:55","13 dic 2025, 12:19","","Leg Press (Macchina)",,"",1,"failure",140,5,,0,
"Full body","13 dic 2025, 10:55","13 dic 2025, 12:19","","Abduzione Anche (Macchina)",,"",0,"failure",80,7,,0,
"Full body","13 dic 2025, 10:55","13 dic 2025, 12:19","","Abduzione Anche (Macchina)",,"",1,"failure",80,6,,0,
"Full body","13 dic 2025, 10:55","13 dic 2025, 12:19","","Lat Pulldown (Macchina)",,"",0,"failure",35,8,,0,
"Full body","13 dic 2025, 10:55","13 dic 2025, 12:19","","Lat Pulldown (Macchina)",,"",1,"failure",35,6,,0,
"Full body","13 dic 2025, 10:55","13 dic 2025, 12:19","","Lat Pulldown (Macchina)",,"",2,"failure",35,5,,0,
"Full body","13 dic 2025, 10:55","13 dic 2025, 12:19","","Lento in Avanti (Smith Machine)",,"",0,"failure",10,10,,0,
"Full body","13 dic 2025, 10:55","13 dic 2025, 12:19","","Lento in Avanti (Smith Machine)",,"",1,"failure",12.5,5,,0,
"Full body","13 dic 2025, 10:55","13 dic 2025, 12:19","","Lento in Avanti (Smith Machine)",,"",2,"failure",12.5,4,,0,
"Full body","13 dic 2025, 10:55","13 dic 2025, 12:19","","Alzata Frontale (Manubrio)",,"",0,"failure",4,11,,0,
"Full body","13 dic 2025, 10:55","13 dic 2025, 12:19","","Alzata Frontale (Manubrio)",,"",1,"failure",4,11,,0,
"Full body","13 dic 2025, 10:55","13 dic 2025, 12:19","","Bicipiti Martello (Manubrio)",0,"",0,"failure",6,8,,0,
"Full body","13 dic 2025, 10:55","13 dic 2025, 12:19","","Bicipiti Martello (Manubrio)",0,"",1,"failure",6,10,,0,
"Full body","13 dic 2025, 10:55","13 dic 2025, 12:19","","Bicipiti Martello (Manubrio)",0,"",2,"failure",6,7,,0,
"Full body","13 dic 2025, 10:55","13 dic 2025, 12:19","","Pushdown Tricipiti",0,"",0,"failure",15,10,,0,
"Full body","13 dic 2025, 10:55","13 dic 2025, 12:19","","Pushdown Tricipiti",0,"",1,"failure",15,10,,0,
"Full body","13 dic 2025, 10:55","13 dic 2025, 12:19","","Pushdown Tricipiti",0,"",2,"failure",15,6,,0,
"Full body","13 dic 2025, 10:55","13 dic 2025, 12:19","","Tapis Roulant",,"",0,"normal",,0,,600,
"Full body","9 dic 2025, 19:09","9 dic 2025, 20:30","","Hip Thrust (macchina)",,"",0,"failure",32.5,7,,0,
"Full body","9 dic 2025, 19:09","9 dic 2025, 20:30","","Hip Thrust (macchina)",,"",1,"failure",32.5,7,,0,
"Full body","9 dic 2025, 19:09","9 dic 2025, 20:30","","Hip Thrust (macchina)",,"",2,"failure",32.5,7,,0,
"Full body","9 dic 2025, 19:09","9 dic 2025, 20:30","","Hip Thrust (macchina)",,"",3,"failure",32.5,7,,0,
"Full body","9 dic 2025, 19:09","9 dic 2025, 20:30","","Stacco da Terra (Manubrio)",,"",0,"failure",16,8,,0,
"Full body","9 dic 2025, 19:09","9 dic 2025, 20:30","","Stacco da Terra (Manubrio)",,"",1,"failure",16,6,,0,
"Full body","9 dic 2025, 19:09","9 dic 2025, 20:30","","Stacco da Terra (Manubrio)",,"",2,"failure",16,6,,0,
"Full body","9 dic 2025, 19:09","9 dic 2025, 20:30","","Stacco da Terra (Manubrio)",,"",3,"failure",16,5,,0,
"Full body","9 dic 2025, 19:09","9 dic 2025, 20:30","","Abduzione Anche (Macchina)",,"",0,"failure",80,6,,0,
"Full body","9 dic 2025, 19:09","9 dic 2025, 20:30","","Abduzione Anche (Macchina)",,"",1,"failure",80,6,,0,
"Full body","9 dic 2025, 19:09","9 dic 2025, 20:30","","Estensioni Glutei al Cavo",,"",0,"failure",7.5,10,,0,
"Full body","9 dic 2025, 19:09","9 dic 2025, 20:30","","Estensioni Glutei al Cavo",,"",1,"failure",7.5,10,,0,
"Full body","9 dic 2025, 19:09","9 dic 2025, 20:30","","Lat Pulldown (Macchina)",,"",0,"failure",35,8,,0,
"Full body","9 dic 2025, 19:09","9 dic 2025, 20:30","","Lat Pulldown (Macchina)",,"",1,"failure",35,7,,0,
"Full body","9 dic 2025, 19:09","9 dic 2025, 20:30","","Lat Pulldown (Macchina)",,"",2,"failure",35,6,,0,
"Full body","9 dic 2025, 19:09","9 dic 2025, 20:30","","Lento in Avanti (Manubrio)",,"",0,"failure",8,7,,0,
"Full body","9 dic 2025, 19:09","9 dic 2025, 20:30","","Lento in Avanti (Manubrio)",,"",1,"failure",8,7,,0,
"Full body","9 dic 2025, 19:09","9 dic 2025, 20:30","","Lento in Avanti (Manubrio)",,"",2,"failure",8,5,,0,
"Full body","9 dic 2025, 19:09","9 dic 2025, 20:30","","Alzata Frontale (Manubrio)",,"",0,"failure",5,7,,0,
"Full body","9 dic 2025, 19:09","9 dic 2025, 20:30","","Alzata Frontale (Manubrio)",,"",1,"failure",5,7,,0,
"Full body","9 dic 2025, 19:09","9 dic 2025, 20:30","","Bicipiti Martello (Manubrio)",0,"",0,"failure",8,8,,0,
"Full body","9 dic 2025, 19:09","9 dic 2025, 20:30","","Bicipiti Martello (Manubrio)",0,"",1,"failure",8,4,,0,
"Full body","9 dic 2025, 19:09","9 dic 2025, 20:30","","Bicipiti Martello (Manubrio)",0,"",2,"failure",6,4,,0,
"Full body","9 dic 2025, 19:09","9 dic 2025, 20:30","","Pushdown Tricipiti",0,"",0,"failure",15,10,,0,
"Full body","9 dic 2025, 19:09","9 dic 2025, 20:30","","Pushdown Tricipiti",0,"",1,"failure",15,7,,0,
"Full body","9 dic 2025, 19:09","9 dic 2025, 20:30","","Pushdown Tricipiti",0,"",2,"failure",15,6,,0,
"Full body","9 dic 2025, 19:09","9 dic 2025, 20:30","","Tapis Roulant",,"",0,"normal",,0,,600,
"Full body","29 nov 2025, 15:41","29 nov 2025, 17:14","","Hip Thrust (macchina)",,"",0,"failure",32.5,10,,0,
"Full body","29 nov 2025, 15:41","29 nov 2025, 17:14","","Hip Thrust (macchina)",,"",1,"failure",32.5,9,,0,
"Full body","29 nov 2025, 15:41","29 nov 2025, 17:14","","Hip Thrust (macchina)",,"",2,"failure",32.5,8,,0,
"Full body","29 nov 2025, 15:41","29 nov 2025, 17:14","","Hip Thrust (macchina)",,"",3,"failure",32.5,7,,0,
"Full body","29 nov 2025, 15:41","29 nov 2025, 17:14","","Stacco da Terra (Manubrio)",,"",0,"failure",16,8,,0,
"Full body","29 nov 2025, 15:41","29 nov 2025, 17:14","","Stacco da Terra (Manubrio)",,"",1,"failure",16,6,,0,
"Full body","29 nov 2025, 15:41","29 nov 2025, 17:14","","Stacco da Terra (Manubrio)",,"",2,"failure",16,6,,0,
"Full body","29 nov 2025, 15:41","29 nov 2025, 17:14","","Stacco da Terra (Manubrio)",,"",3,"failure",16,6,,0,
"Full body","29 nov 2025, 15:41","29 nov 2025, 17:14","","Abduzione Anche (Macchina)",,"",0,"failure",80,15,,0,
"Full body","29 nov 2025, 15:41","29 nov 2025, 17:14","","Abduzione Anche (Macchina)",,"",1,"failure",80,15,,0,
"Full body","29 nov 2025, 15:41","29 nov 2025, 17:14","","Estensioni Glutei al Cavo",,"",0,"failure",7.5,10,,0,
"Full body","29 nov 2025, 15:41","29 nov 2025, 17:14","","Estensioni Glutei al Cavo",,"",1,"failure",7.5,10,,0,
"Full body","29 nov 2025, 15:41","29 nov 2025, 17:14","","Lat Pulldown (Macchina)",,"",0,"failure",35,8,,0,
"Full body","29 nov 2025, 15:41","29 nov 2025, 17:14","","Lat Pulldown (Macchina)",,"",1,"failure",35,6,,0,
"Full body","29 nov 2025, 15:41","29 nov 2025, 17:14","","Lat Pulldown (Macchina)",,"",2,"failure",35,6,,0,
"Full body","29 nov 2025, 15:41","29 nov 2025, 17:14","","Lento in Avanti Seduto (Macchina)",,"",0,"failure",20,9,,0,
"Full body","29 nov 2025, 15:41","29 nov 2025, 17:14","","Lento in Avanti Seduto (Macchina)",,"",1,"failure",20,9,,0,
"Full body","29 nov 2025, 15:41","29 nov 2025, 17:14","","Lento in Avanti Seduto (Macchina)",,"",2,"failure",20,6,,0,
"Full body","29 nov 2025, 15:41","29 nov 2025, 17:14","","Alzata Frontale (Manubrio)",,"",0,"failure",4,10,,0,
"Full body","29 nov 2025, 15:41","29 nov 2025, 17:14","","Alzata Frontale (Manubrio)",,"",1,"failure",4,10,,0,
"Full body","29 nov 2025, 15:41","29 nov 2025, 17:14","","Bicipiti Martello (Manubrio)",0,"",0,"failure",6,10,,0,
"Full body","29 nov 2025, 15:41","29 nov 2025, 17:14","","Bicipiti Martello (Manubrio)",0,"",1,"failure",6,9,,0,
"Full body","29 nov 2025, 15:41","29 nov 2025, 17:14","","Bicipiti Martello (Manubrio)",0,"",2,"failure",6,8,,0,
"Full body","29 nov 2025, 15:41","29 nov 2025, 17:14","","Pushdown Tricipiti",0,"",0,"failure",12.5,12,,0,
"Full body","29 nov 2025, 15:41","29 nov 2025, 17:14","","Pushdown Tricipiti",0,"",1,"failure",15,6,,0,
"Full body","29 nov 2025, 15:41","29 nov 2025, 17:14","","Pushdown Tricipiti",0,"",2,"failure",15,6,,0,
"Full body","29 nov 2025, 15:41","29 nov 2025, 17:14","","Tapis Roulant",,"",0,"normal",,0,,600,
"Leg","23 nov 2025, 10:53","23 nov 2025, 12:09","","Estensione Polpacci (Macchina)",,"",0,"failure",60,15,,0,
"Leg","23 nov 2025, 10:53","23 nov 2025, 12:09","","Estensione Polpacci (Macchina)",,"",1,"failure",60,15,,0,
"Leg","23 nov 2025, 10:53","23 nov 2025, 12:09","","Estensione Polpacci (Macchina)",,"",2,"failure",60,15,,0,
"Leg","23 nov 2025, 10:53","23 nov 2025, 12:09","","Hip Thrust (macchina)",,"",0,"failure",42.5,5,,0,
"Leg","23 nov 2025, 10:53","23 nov 2025, 12:09","","Hip Thrust (macchina)",,"",1,"failure",42.5,4,,0,
"Leg","23 nov 2025, 10:53","23 nov 2025, 12:09","","Hip Thrust (macchina)",,"",2,"failure",32.5,6,,0,
"Leg","23 nov 2025, 10:53","23 nov 2025, 12:09","","Hack Squat (Macchina)",,"",0,"normal",10,5,,0,
"Leg","23 nov 2025, 10:53","23 nov 2025, 12:09","","Hack Squat (Macchina)",,"",1,"normal",10,6,,0,
"Leg","23 nov 2025, 10:53","23 nov 2025, 12:09","","Stacco da Terra (Manubrio)",,"",0,"failure",16,9,,0,
"Leg","23 nov 2025, 10:53","23 nov 2025, 12:09","","Stacco da Terra (Manubrio)",,"",1,"failure",16,5,,0,
"Leg","23 nov 2025, 10:53","23 nov 2025, 12:09","","Stacco da Terra (Manubrio)",,"",2,"failure",16,5,,0,
"Leg","23 nov 2025, 10:53","23 nov 2025, 12:09","","Leg Press (Macchina)",,"",0,"failure",140,6,,0,
"Leg","23 nov 2025, 10:53","23 nov 2025, 12:09","","Leg Press (Macchina)",,"",1,"failure",140,5,,0,
"Leg","23 nov 2025, 10:53","23 nov 2025, 12:09","","Leg Curl Seduto (Macchina)",,"",0,"failure",35,9,,0,
"Leg","23 nov 2025, 10:53","23 nov 2025, 12:09","","Leg Curl Seduto (Macchina)",,"",1,"failure",35,9,,0,
"Leg","23 nov 2025, 10:53","23 nov 2025, 12:09","","Estensione Dorso (Ipertensione con Peso)",,"",0,"failure",8,10,,0,
"Leg","23 nov 2025, 10:53","23 nov 2025, 12:09","","Estensione Dorso (Ipertensione con Peso)",,"",1,"failure",8,10,,0,
"Leg","23 nov 2025, 10:53","23 nov 2025, 12:09","","Estensione Dorso (Ipertensione con Peso)",,"",2,"failure",8,8,,0,
"Leg","23 nov 2025, 10:53","23 nov 2025, 12:09","","Abduzione Anche (Macchina)",,"",0,"failure",75,12,,0,
"Leg","23 nov 2025, 10:53","23 nov 2025, 12:09","","Abduzione Anche (Macchina)",,"",1,"failure",75,12,,0,
"Leg","23 nov 2025, 10:53","23 nov 2025, 12:09","","Abduzione Anche (Macchina)",,"",2,"failure",75,12,,0,
"Push","22 nov 2025, 12:38","22 nov 2025, 13:46","","Chest Press (Macchina)",,"",0,"failure",20,8,,0,
"Push","22 nov 2025, 12:38","22 nov 2025, 13:46","","Chest Press (Macchina)",,"",1,"failure",20,7,,0,
"Push","22 nov 2025, 12:38","22 nov 2025, 13:46","","Chest Press (Macchina)",,"",2,"failure",20,6,,0,
"Push","22 nov 2025, 12:38","22 nov 2025, 13:46","","Panca Inclinata (Manubrio)",,"",0,"failure",8,8,,0,
"Push","22 nov 2025, 12:38","22 nov 2025, 13:46","","Panca Inclinata (Manubrio)",,"",1,"failure",8,7,,0,
"Push","22 nov 2025, 12:38","22 nov 2025, 13:46","","Lento in Avanti (Smith Machine)",,"",0,"failure",10,6,,0,
"Push","22 nov 2025, 12:38","22 nov 2025, 13:46","","Lento in Avanti (Smith Machine)",,"",1,"failure",9.5,6,,0,
"Push","22 nov 2025, 12:38","22 nov 2025, 13:46","","Lento in Avanti (Smith Machine)",,"",2,"failure",10,5,,0,
"Push","22 nov 2025, 12:38","22 nov 2025, 13:46","","Aperture Laterali (Manubrio)",,"",0,"failure",4,11,,0,
"Push","22 nov 2025, 12:38","22 nov 2025, 13:46","","Aperture Laterali (Manubrio)",,"",1,"failure",4,11,,0,
"Push","22 nov 2025, 12:38","22 nov 2025, 13:46","","Estensione Tricipiti Braccio Singolo (Manubrio)",,"",0,"failure",4,13,,0,
"Push","22 nov 2025, 12:38","22 nov 2025, 13:46","","Estensione Tricipiti Braccio Singolo (Manubrio)",,"",1,"failure",4,9,,0,
"Push","22 nov 2025, 12:38","22 nov 2025, 13:46","","Estensione Tricipiti Braccio Singolo (Manubrio)",,"",2,"failure",4,7,,0,
"Push","22 nov 2025, 12:38","22 nov 2025, 13:46","","Pushdown Tricipiti",,"",0,"failure",12.5,11,,0,
"Push","22 nov 2025, 12:38","22 nov 2025, 13:46","","Pushdown Tricipiti",,"",1,"failure",12.5,7,,0,
"Push","22 nov 2025, 12:38","22 nov 2025, 13:46","","Crunch (Macchina)",,"",0,"failure",35,8,,0,
"Push","22 nov 2025, 12:38","22 nov 2025, 13:46","","Crunch (Macchina)",,"",1,"failure",30,12,,0,
"Push","22 nov 2025, 12:38","22 nov 2025, 13:46","","Crunch (Macchina)",,"",2,"failure",30,11,,0,
"Push","22 nov 2025, 12:38","22 nov 2025, 13:46","","Tapis Roulant",,"",0,"normal",,0,,1200,
"Leg","16 nov 2025, 11:05","16 nov 2025, 12:22","","Estensione Polpacci (Macchina)",,"",0,"failure",60,15,,0,
"Leg","16 nov 2025, 11:05","16 nov 2025, 12:22","","Estensione Polpacci (Macchina)",,"",1,"failure",60,15,,0,
"Leg","16 nov 2025, 11:05","16 nov 2025, 12:22","","Estensione Polpacci (Macchina)",,"",2,"failure",60,15,,0,
"Leg","16 nov 2025, 11:05","16 nov 2025, 12:22","","Hip Thrust (macchina)",,"",0,"failure",35,5,,0,
"Leg","16 nov 2025, 11:05","16 nov 2025, 12:22","","Hip Thrust (macchina)",,"",1,"failure",32.5,6,,0,
"Leg","16 nov 2025, 11:05","16 nov 2025, 12:22","","Hip Thrust (macchina)",,"",2,"failure",32.5,6,,0,
"Leg","16 nov 2025, 11:05","16 nov 2025, 12:22","","Hack Squat (Macchina)",,"",0,"normal",10,8,,0,
"Leg","16 nov 2025, 11:05","16 nov 2025, 12:22","","Hack Squat (Macchina)",,"",1,"normal",10,8,,0,
"Leg","16 nov 2025, 11:05","16 nov 2025, 12:22","","Stacco da Terra (Manubrio)",,"",0,"failure",16,8,,0,
"Leg","16 nov 2025, 11:05","16 nov 2025, 12:22","","Stacco da Terra (Manubrio)",,"",1,"failure",16,8,,0,
"Leg","16 nov 2025, 11:05","16 nov 2025, 12:22","","Stacco da Terra (Manubrio)",,"",2,"failure",16,6,,0,
"Leg","16 nov 2025, 11:05","16 nov 2025, 12:22","","Leg Press (Macchina)",,"",0,"failure",120,12,,0,
"Leg","16 nov 2025, 11:05","16 nov 2025, 12:22","","Leg Press (Macchina)",,"",1,"failure",130,7,,0,
"Leg","16 nov 2025, 11:05","16 nov 2025, 12:22","","Leg Curl Seduto (Macchina)",,"",0,"failure",35,9,,0,
"Leg","16 nov 2025, 11:05","16 nov 2025, 12:22","","Leg Curl Seduto (Macchina)",,"",1,"failure",35,8,,0,
"Leg","16 nov 2025, 11:05","16 nov 2025, 12:22","","Estensione Dorso (Ipertensione con Peso)",,"",0,"failure",8,12,,0,
"Leg","16 nov 2025, 11:05","16 nov 2025, 12:22","","Estensione Dorso (Ipertensione con Peso)",,"",1,"failure",8,8,,0,
"Leg","16 nov 2025, 11:05","16 nov 2025, 12:22","","Estensione Dorso (Ipertensione con Peso)",,"",2,"failure",8,8,,0,
"Leg","16 nov 2025, 11:05","16 nov 2025, 12:22","","Abduzione Anche (Macchina)",,"",0,"failure",70,15,,0,
"Leg","16 nov 2025, 11:05","16 nov 2025, 12:22","","Abduzione Anche (Macchina)",,"",1,"failure",70,13,,0,
"Leg","16 nov 2025, 11:05","16 nov 2025, 12:22","","Abduzione Anche (Macchina)",,"",2,"failure",70,13,,0,
"Pull","15 nov 2025, 16:07","15 nov 2025, 16:51","","Lat Pulldown (Macchina)",,"",0,"failure",35,7,,0,
"Pull","15 nov 2025, 16:07","15 nov 2025, 16:51","","Lat Pulldown (Macchina)",,"",1,"failure",35,7,,0,
"Pull","15 nov 2025, 16:07","15 nov 2025, 16:51","","Lat Pulldown (Macchina)",,"",2,"failure",35,6,,0,
"Pull","15 nov 2025, 16:07","15 nov 2025, 16:51","","Lat Pulldown (Macchina)",,"",0,"failure",30,8,,0,
"Pull","15 nov 2025, 16:07","15 nov 2025, 16:51","","Lat Pulldown (Macchina)",,"",1,"failure",30,6,,0,
"Pull","15 nov 2025, 16:07","15 nov 2025, 16:51","","Rematore al Cavo da Seduto",,"",0,"failure",20,7,,0,
"Pull","15 nov 2025, 16:07","15 nov 2025, 16:51","","Rematore al Cavo da Seduto",,"",1,"failure",20,7,,0,
"Pull","15 nov 2025, 16:07","15 nov 2025, 16:51","","Rematore al Cavo da Seduto",,"",2,"failure",15,10,,0,
"Pull","15 nov 2025, 16:07","15 nov 2025, 16:51","","Rematore al Cavo da Seduto - Presa Larga",,"",0,"failure",15,10,,0,
"Pull","15 nov 2025, 16:07","15 nov 2025, 16:51","","Rematore al Cavo da Seduto - Presa Larga",,"",1,"failure",15,10,,0,
"Pull","15 nov 2025, 16:07","15 nov 2025, 16:51","","Curl Bicipiti (Manubrio)",,"",0,"failure",6,10,,0,
"Pull","15 nov 2025, 16:07","15 nov 2025, 16:51","","Curl Bicipiti (Manubrio)",,"",1,"failure",6,6,,0,
"Pull","15 nov 2025, 16:07","15 nov 2025, 16:51","","Curl Bicipiti (Manubrio)",,"",2,"failure",6,6,,0,
"Pull","15 nov 2025, 16:07","15 nov 2025, 16:51","","Bayesian curl",,"",0,"failure",2.5,7,,0,
"Pull","15 nov 2025, 16:07","15 nov 2025, 16:51","","Bayesian curl",,"",1,"failure",2.5,6,,0,
"Pull","15 nov 2025, 16:07","15 nov 2025, 16:51","","Tapis Roulant",,"",0,"normal",,0,,600,
"Push","15 nov 2025, 15:05","15 nov 2025, 16:07","","Chest Press (Macchina)",,"",0,"failure",15,10,,0,
"Push","15 nov 2025, 15:05","15 nov 2025, 16:07","","Chest Press (Macchina)",,"",1,"failure",15,10,,0,
"Push","15 nov 2025, 15:05","15 nov 2025, 16:07","","Chest Press (Macchina)",,"",2,"failure",15,8,,0,
"Push","15 nov 2025, 15:05","15 nov 2025, 16:07","","Panca Inclinata (Manubrio)",,"",0,"failure",10,5,,0,
"Push","15 nov 2025, 15:05","15 nov 2025, 16:07","","Panca Inclinata (Manubrio)",,"",1,"failure",10,5,,0,
"Push","15 nov 2025, 15:05","15 nov 2025, 16:07","","Lento in Avanti (Smith Machine)",,"",0,"failure",10,6,,0,
"Push","15 nov 2025, 15:05","15 nov 2025, 16:07","","Lento in Avanti (Smith Machine)",,"",1,"failure",10,6,,0,
"Push","15 nov 2025, 15:05","15 nov 2025, 16:07","","Lento in Avanti (Smith Machine)",,"",2,"failure",10,5,,0,
"Push","15 nov 2025, 15:05","15 nov 2025, 16:07","","Aperture Laterali (Manubrio)",,"",0,"failure",4,10,,0,
"Push","15 nov 2025, 15:05","15 nov 2025, 16:07","","Aperture Laterali (Manubrio)",,"",1,"failure",4,10,,0,
"Push","15 nov 2025, 15:05","15 nov 2025, 16:07","","Estensione Tricipiti Braccio Singolo (Manubrio)",,"",0,"failure",4,13,,0,
"Push","15 nov 2025, 15:05","15 nov 2025, 16:07","","Estensione Tricipiti Braccio Singolo (Manubrio)",,"",1,"failure",4,10,,0,
"Push","15 nov 2025, 15:05","15 nov 2025, 16:07","","Estensione Tricipiti Braccio Singolo (Manubrio)",,"",2,"failure",4,7,,0,
"Push","15 nov 2025, 15:05","15 nov 2025, 16:07","","Pushdown Tricipiti",,"",0,"failure",12.5,10,,0,
"Push","15 nov 2025, 15:05","15 nov 2025, 16:07","","Pushdown Tricipiti",,"",1,"failure",12.5,7,,0,
"Push","15 nov 2025, 15:05","15 nov 2025, 16:07","","Crunch (Macchina)",,"",0,"failure",30,13,,0,
"Push","15 nov 2025, 15:05","15 nov 2025, 16:07","","Crunch (Macchina)",,"",1,"failure",35,11,,0,
"Push","15 nov 2025, 15:05","15 nov 2025, 16:07","","Crunch (Macchina)",,"",2,"failure",35,11,,0,
"Push","15 nov 2025, 15:05","15 nov 2025, 16:07","","Tapis Roulant",,"",0,"normal",,0,,1200,
"Full body","31 ott 2025, 12:21","31 ott 2025, 13:27","","Hip Thrust (macchina)",,"",0,"failure",30,8,,0,
"Full body","31 ott 2025, 12:21","31 ott 2025, 13:27","","Hip Thrust (macchina)",,"",1,"failure",30,8,,0,
"Full body","31 ott 2025, 12:21","31 ott 2025, 13:27","","Hip Thrust (macchina)",,"",2,"failure",30,8,,0,
"Full body","31 ott 2025, 12:21","31 ott 2025, 13:27","","Hip Thrust (macchina)",,"",3,"failure",30,7,,0,
"Full body","31 ott 2025, 12:21","31 ott 2025, 13:27","","Stacco da Terra (Manubrio)",,"",0,"failure",16,6,,0,
"Full body","31 ott 2025, 12:21","31 ott 2025, 13:27","","Stacco da Terra (Manubrio)",,"",1,"failure",16,6,,0,
"Full body","31 ott 2025, 12:21","31 ott 2025, 13:27","","Stacco da Terra (Manubrio)",,"",2,"failure",16,6,,0,
"Full body","31 ott 2025, 12:21","31 ott 2025, 13:27","","Stacco da Terra (Manubrio)",,"",3,"failure",16,5,,0,
"Full body","31 ott 2025, 12:21","31 ott 2025, 13:27","","Estensioni Glutei al Cavo",,"",0,"failure",7.5,10,,0,
"Full body","31 ott 2025, 12:21","31 ott 2025, 13:27","","Estensioni Glutei al Cavo",,"",1,"failure",7.5,10,,0,
"Full body","31 ott 2025, 12:21","31 ott 2025, 13:27","","Panca Inclinata (Manubrio)",,"",0,"failure",10,8,,0,
"Full body","31 ott 2025, 12:21","31 ott 2025, 13:27","","Panca Inclinata (Manubrio)",,"",1,"failure",10,8,,0,
"Full body","31 ott 2025, 12:21","31 ott 2025, 13:27","","Panca Inclinata (Manubrio)",,"",2,"failure",10,8,,0,
"Full body","31 ott 2025, 12:21","31 ott 2025, 13:27","","Alzata Frontale (Manubrio)",,"",0,"failure",4,8,,0,
"Full body","31 ott 2025, 12:21","31 ott 2025, 13:27","","Alzata Frontale (Manubrio)",,"",1,"failure",4,8,,0,
"Full body","31 ott 2025, 12:21","31 ott 2025, 13:27","","Bicipiti Martello (Manubrio)",0,"",0,"failure",6,12,,0,
"Full body","31 ott 2025, 12:21","31 ott 2025, 13:27","","Bicipiti Martello (Manubrio)",0,"",1,"failure",6,10,,0,
"Full body","31 ott 2025, 12:21","31 ott 2025, 13:27","","Bicipiti Martello (Manubrio)",0,"",2,"failure",6,9,,0,
"Full body","31 ott 2025, 12:21","31 ott 2025, 13:27","","Pushdown Tricipiti",0,"",0,"failure",12.5,10,,0,
"Full body","31 ott 2025, 12:21","31 ott 2025, 13:27","","Pushdown Tricipiti",0,"",1,"failure",12.5,10,,0,
"Full body","31 ott 2025, 12:21","31 ott 2025, 13:27","","Pushdown Tricipiti",0,"",2,"failure",12.5,8,,0,
"Full body","31 ott 2025, 12:21","31 ott 2025, 13:27","","Tapis Roulant",,"",0,"normal",,0,,1200,
"Pull","26 ott 2025, 14:32","26 ott 2025, 15:33","","Lat Pulldown (Macchina)",,"",0,"failure",35,7,,0,
"Pull","26 ott 2025, 14:32","26 ott 2025, 15:33","","Lat Pulldown (Macchina)",,"",1,"failure",35,7,,0,
"Pull","26 ott 2025, 14:32","26 ott 2025, 15:33","","Lat Pulldown (Macchina)",,"",2,"failure",35,6,,0,
"Pull","26 ott 2025, 14:32","26 ott 2025, 15:33","","Lat Pulldown (Macchina)",,"",0,"failure",30,7,,0,
"Pull","26 ott 2025, 14:32","26 ott 2025, 15:33","","Lat Pulldown (Macchina)",,"",1,"failure",30,6,,0,
"Pull","26 ott 2025, 14:32","26 ott 2025, 15:33","","Rematore al Cavo da Seduto - Presa Larga",,"",0,"failure",20,6,,0,
"Pull","26 ott 2025, 14:32","26 ott 2025, 15:33","","Rematore al Cavo da Seduto - Presa Larga",,"",1,"failure",20,6,,0,
"Pull","26 ott 2025, 14:32","26 ott 2025, 15:33","","Curl Bicipiti (Manubrio)",,"",0,"failure",6,9,,0,
"Pull","26 ott 2025, 14:32","26 ott 2025, 15:33","","Curl Bicipiti (Manubrio)",,"",1,"failure",6,7,,0,
"Pull","26 ott 2025, 14:32","26 ott 2025, 15:33","","Curl Bicipiti (Manubrio)",,"",2,"failure",6,5,,0,
"Pull","26 ott 2025, 14:32","26 ott 2025, 15:33","","Bayesian curl",,"",0,"failure",2.5,6,,0,
"Pull","26 ott 2025, 14:32","26 ott 2025, 15:33","","Bayesian curl",,"",1,"failure",2.5,4,,0,
"Pull","26 ott 2025, 14:32","26 ott 2025, 15:33","","Tapis Roulant",,"",0,"normal",,0,,600,
"Pull","26 ott 2025, 14:32","26 ott 2025, 15:33","","Rematore al Cavo da Seduto",,"",0,"normal",20,10,,0,
"Pull","26 ott 2025, 14:32","26 ott 2025, 15:33","","Rematore al Cavo da Seduto",,"",0,"normal",20,10,,0,
"Pull","26 ott 2025, 14:32","26 ott 2025, 15:33","","Rematore al Cavo da Seduto",,"",0,"normal",20,10,,0,
"Leg","25 ott 2025, 15:46","25 ott 2025, 16:59","","Estensione Polpacci (Macchina)",,"",0,"failure",60,15,,0,
"Leg","25 ott 2025, 15:46","25 ott 2025, 16:59","","Estensione Polpacci (Macchina)",,"",1,"failure",60,15,,0,
"Leg","25 ott 2025, 15:46","25 ott 2025, 16:59","","Estensione Polpacci (Macchina)",,"",2,"failure",60,15,,0,
"Leg","25 ott 2025, 15:46","25 ott 2025, 16:59","","Hack Squat (Macchina)",,"",0,"normal",10,8,,0,
"Leg","25 ott 2025, 15:46","25 ott 2025, 16:59","","Hack Squat (Macchina)",,"",1,"normal",10,8,,0,
"Leg","25 ott 2025, 15:46","25 ott 2025, 16:59","","Stacco da Terra (Manubrio)",,"",0,"failure",17.5,6,,0,
"Leg","25 ott 2025, 15:46","25 ott 2025, 16:59","","Stacco da Terra (Manubrio)",,"",1,"failure",17.5,6,,0,
"Leg","25 ott 2025, 15:46","25 ott 2025, 16:59","","Stacco da Terra (Manubrio)",,"",2,"failure",17.5,5,,0,
"Leg","25 ott 2025, 15:46","25 ott 2025, 16:59","","Leg Press (Macchina)",,"",0,"failure",120,11,,0,
"Leg","25 ott 2025, 15:46","25 ott 2025, 16:59","","Leg Press (Macchina)",,"",1,"failure",120,11,,0,
"Leg","25 ott 2025, 15:46","25 ott 2025, 16:59","","Leg Curl Seduto (Macchina)",,"",0,"failure",30,11,,0,
"Leg","25 ott 2025, 15:46","25 ott 2025, 16:59","","Leg Curl Seduto (Macchina)",,"",1,"failure",35,8,,0,
"Leg","25 ott 2025, 15:46","25 ott 2025, 16:59","","Estensione Dorso (Ipertensione con Peso)",,"",0,"failure",8,12,,0,
"Leg","25 ott 2025, 15:46","25 ott 2025, 16:59","","Estensione Dorso (Ipertensione con Peso)",,"",1,"failure",8,12,,0,
"Leg","25 ott 2025, 15:46","25 ott 2025, 16:59","","Estensione Dorso (Ipertensione con Peso)",,"",2,"failure",8,9,,0,
"Leg","25 ott 2025, 15:46","25 ott 2025, 16:59","","Abduzione Anche (Macchina)",,"",0,"failure",70,12,,0,
"Leg","25 ott 2025, 15:46","25 ott 2025, 16:59","","Abduzione Anche (Macchina)",,"",1,"failure",70,12,,0,
"Leg","25 ott 2025, 15:46","25 ott 2025, 16:59","","Abduzione Anche (Macchina)",,"",2,"failure",70,12,,0,
"Push","24 ott 2025, 11:40","24 ott 2025, 12:40","","Chest Press (Macchina)",,"",0,"failure",15,9,,0,
"Push","24 ott 2025, 11:40","24 ott 2025, 12:40","","Chest Press (Macchina)",,"",1,"failure",15,9,,0,
"Push","24 ott 2025, 11:40","24 ott 2025, 12:40","","Chest Press (Macchina)",,"",2,"failure",15,8,,0,
"Push","24 ott 2025, 11:40","24 ott 2025, 12:40","","Panca Inclinata (Manubrio)",,"",0,"failure",8,9,,0,
"Push","24 ott 2025, 11:40","24 ott 2025, 12:40","","Panca Inclinata (Manubrio)",,"",1,"failure",8,9,,0,
"Push","24 ott 2025, 11:40","24 ott 2025, 12:40","","Lento in Avanti (Smith Machine)",,"",0,"failure",10,6,,0,
"Push","24 ott 2025, 11:40","24 ott 2025, 12:40","","Lento in Avanti (Smith Machine)",,"",1,"failure",10,6,,0,
"Push","24 ott 2025, 11:40","24 ott 2025, 12:40","","Lento in Avanti (Smith Machine)",,"",2,"failure",10,4,,0,
"Push","24 ott 2025, 11:40","24 ott 2025, 12:40","","Aperture Laterali (Manubrio)",,"",0,"failure",4,11,,0,
"Push","24 ott 2025, 11:40","24 ott 2025, 12:40","","Aperture Laterali (Manubrio)",,"",1,"failure",4,11,,0,
"Push","24 ott 2025, 11:40","24 ott 2025, 12:40","","Estensione Tricipiti Braccio Singolo (Manubrio)",,"",0,"failure",4,11,,0,
"Push","24 ott 2025, 11:40","24 ott 2025, 12:40","","Estensione Tricipiti Braccio Singolo (Manubrio)",,"",1,"failure",4,10,,0,
"Push","24 ott 2025, 11:40","24 ott 2025, 12:40","","Estensione Tricipiti Braccio Singolo (Manubrio)",,"",2,"failure",4,9,,0,
"Push","24 ott 2025, 11:40","24 ott 2025, 12:40","","Pushdown Tricipiti",,"",0,"failure",12.5,6,,0,
"Push","24 ott 2025, 11:40","24 ott 2025, 12:40","","Pushdown Tricipiti",,"",1,"failure",12.5,6,,0,
"Push","24 ott 2025, 11:40","24 ott 2025, 12:40","","Crunch (Macchina)",,"",0,"failure",30,12,,0,
"Push","24 ott 2025, 11:40","24 ott 2025, 12:40","","Crunch (Macchina)",,"",1,"failure",30,12,,0,
"Push","24 ott 2025, 11:40","24 ott 2025, 12:40","","Crunch (Macchina)",,"",2,"failure",30,12,,0,
"Pull","19 ott 2025, 12:15","19 ott 2025, 13:04","","Lat Pulldown (Macchina)",,"",0,"failure",35,7,,0,
"Pull","19 ott 2025, 12:15","19 ott 2025, 13:04","","Lat Pulldown (Macchina)",,"",1,"failure",35,7,,0,
"Pull","19 ott 2025, 12:15","19 ott 2025, 13:04","","Lat Pulldown (Macchina)",,"",2,"failure",35,5,,0,
"Pull","19 ott 2025, 12:15","19 ott 2025, 13:04","","Lat Pulldown (Macchina)",,"",0,"failure",30,6,,0,
"Pull","19 ott 2025, 12:15","19 ott 2025, 13:04","","Lat Pulldown (Macchina)",,"",1,"failure",30,6,,0,
"Pull","19 ott 2025, 12:15","19 ott 2025, 13:04","","Rematore basso iso-laterale",,"",0,"failure",30,5,,0,
"Pull","19 ott 2025, 12:15","19 ott 2025, 13:04","","Rematore basso iso-laterale",,"",1,"failure",30,6,,0,
"Pull","19 ott 2025, 12:15","19 ott 2025, 13:04","","Rematore basso iso-laterale",,"",2,"failure",30,6,,0,
"Pull","19 ott 2025, 12:15","19 ott 2025, 13:04","","Rematore al Cavo da Seduto - Presa Larga",,"",0,"failure",20,8,,0,
"Pull","19 ott 2025, 12:15","19 ott 2025, 13:04","","Rematore al Cavo da Seduto - Presa Larga",,"",1,"failure",20,6,,0,
"Pull","19 ott 2025, 12:15","19 ott 2025, 13:04","","Curl Bicipiti (Manubrio)",,"",0,"failure",6,5,,0,
"Pull","19 ott 2025, 12:15","19 ott 2025, 13:04","","Curl Bicipiti (Manubrio)",,"",1,"failure",6,5,,0,
"Pull","19 ott 2025, 12:15","19 ott 2025, 13:04","","Curl Bicipiti (Manubrio)",,"",2,"failure",6,5,,0,
"Pull","19 ott 2025, 12:15","19 ott 2025, 13:04","","Bayesian curl",,"",0,"failure",2.5,4,,0,
"Pull","19 ott 2025, 12:15","19 ott 2025, 13:04","","Bayesian curl",,"",1,"failure",1.5,10,,0,
"Leg","19 ott 2025, 11:07","19 ott 2025, 12:09","","Estensione Polpacci (Macchina)",,"",0,"failure",60,12,,0,
"Leg","19 ott 2025, 11:07","19 ott 2025, 12:09","","Estensione Polpacci (Macchina)",,"",1,"failure",60,12,,0,
"Leg","19 ott 2025, 11:07","19 ott 2025, 12:09","","Estensione Polpacci (Macchina)",,"",2,"failure",60,12,,0,
"Leg","19 ott 2025, 11:07","19 ott 2025, 12:09","","Hack Squat (Macchina)",,"",0,"normal",10,8,,0,
"Leg","19 ott 2025, 11:07","19 ott 2025, 12:09","","Hack Squat (Macchina)",,"",1,"normal",10,8,,0,
"Leg","19 ott 2025, 11:07","19 ott 2025, 12:09","","Stacco da Terra (Manubrio)",,"",0,"failure",16,9,,0,
"Leg","19 ott 2025, 11:07","19 ott 2025, 12:09","","Stacco da Terra (Manubrio)",,"",1,"failure",16,8,,0,
"Leg","19 ott 2025, 11:07","19 ott 2025, 12:09","","Stacco da Terra (Manubrio)",,"",2,"failure",16,6,,0,
"Leg","19 ott 2025, 11:07","19 ott 2025, 12:09","","Leg Press (Macchina)",,"",0,"failure",120,7,,0,
"Leg","19 ott 2025, 11:07","19 ott 2025, 12:09","","Leg Press (Macchina)",,"",1,"failure",120,8,,0,
"Leg","19 ott 2025, 11:07","19 ott 2025, 12:09","","Leg Curl Seduto (Macchina)",,"",0,"failure",30,9,,0,
"Leg","19 ott 2025, 11:07","19 ott 2025, 12:09","","Leg Curl Seduto (Macchina)",,"",1,"failure",30,8,,0,
"Leg","19 ott 2025, 11:07","19 ott 2025, 12:09","","Estensione Dorso (Ipertensione con Peso)",,"",0,"failure",8,10,,0,
"Leg","19 ott 2025, 11:07","19 ott 2025, 12:09","","Estensione Dorso (Ipertensione con Peso)",,"",1,"failure",8,10,,0,
"Leg","19 ott 2025, 11:07","19 ott 2025, 12:09","","Estensione Dorso (Ipertensione con Peso)",,"",2,"failure",8,8,,0,
"Leg","19 ott 2025, 11:07","19 ott 2025, 12:09","","Abduzione Anche (Macchina)",,"",0,"failure",65,12,,0,
"Leg","19 ott 2025, 11:07","19 ott 2025, 12:09","","Abduzione Anche (Macchina)",,"",1,"failure",65,12,,0,
"Leg","19 ott 2025, 11:07","19 ott 2025, 12:09","","Abduzione Anche (Macchina)",,"",2,"failure",70,12,,0,
"Leg","19 ott 2025, 11:07","19 ott 2025, 12:09","","Tapis Roulant",,"",0,"normal",,0,1,1200,
"Push","17 ott 2025, 19:08","17 ott 2025, 20:07","","Chest Press (Macchina)",,"",0,"failure",15,9,,0,
"Push","17 ott 2025, 19:08","17 ott 2025, 20:07","","Chest Press (Macchina)",,"",1,"failure",15,9,,0,
"Push","17 ott 2025, 19:08","17 ott 2025, 20:07","","Chest Press (Macchina)",,"",2,"failure",15,8,,0,
"Push","17 ott 2025, 19:08","17 ott 2025, 20:07","","Panca Inclinata (Manubrio)",,"",0,"failure",8,9,,0,
"Push","17 ott 2025, 19:08","17 ott 2025, 20:07","","Panca Inclinata (Manubrio)",,"",1,"failure",8,8,,0,
"Push","17 ott 2025, 19:08","17 ott 2025, 20:07","","Lento in Avanti (Smith Machine)",,"",0,"failure",10,6,,0,
"Push","17 ott 2025, 19:08","17 ott 2025, 20:07","","Lento in Avanti (Smith Machine)",,"",1,"failure",10,6,,0,
"Push","17 ott 2025, 19:08","17 ott 2025, 20:07","","Lento in Avanti (Smith Machine)",,"",2,"failure",10,4,,0,
"Push","17 ott 2025, 19:08","17 ott 2025, 20:07","","Aperture Laterali (Manubrio)",,"",0,"failure",4,11,,0,
"Push","17 ott 2025, 19:08","17 ott 2025, 20:07","","Aperture Laterali (Manubrio)",,"",1,"failure",4,11,,0,
"Push","17 ott 2025, 19:08","17 ott 2025, 20:07","","Estensione Tricipiti Braccio Singolo (Manubrio)",,"",0,"failure",4,10,,0,
"Push","17 ott 2025, 19:08","17 ott 2025, 20:07","","Estensione Tricipiti Braccio Singolo (Manubrio)",,"",1,"failure",4,6,,0,
"Push","17 ott 2025, 19:08","17 ott 2025, 20:07","","Estensione Tricipiti Braccio Singolo (Manubrio)",,"",2,"failure",4,6,,0,
"Push","17 ott 2025, 19:08","17 ott 2025, 20:07","","Pushdown Tricipiti",,"",0,"failure",10,11,,0,
"Push","17 ott 2025, 19:08","17 ott 2025, 20:07","","Pushdown Tricipiti",,"",1,"failure",10,7,,0,
"Push","17 ott 2025, 19:08","17 ott 2025, 20:07","","Crunch (Macchina)",,"",0,"failure",30,11,,0,
"Push","17 ott 2025, 19:08","17 ott 2025, 20:07","","Crunch (Macchina)",,"",1,"failure",30,11,,0,
"Push","17 ott 2025, 19:08","17 ott 2025, 20:07","","Crunch (Macchina)",,"",2,"failure",30,11,,0,
"Push","17 ott 2025, 19:08","17 ott 2025, 20:07","","Tapis Roulant",,"",0,"normal",,0,,1200,
"Full body","4 ott 2025, 16:26","4 ott 2025, 17:54","","Hip Thrust (macchina)",,"",0,"failure",30,9,,0,
"Full body","4 ott 2025, 16:26","4 ott 2025, 17:54","","Hip Thrust (macchina)",,"",1,"failure",30,8,,0,
"Full body","4 ott 2025, 16:26","4 ott 2025, 17:54","","Hip Thrust (macchina)",,"",2,"failure",30,7,,0,
"Full body","4 ott 2025, 16:26","4 ott 2025, 17:54","","Hip Thrust (macchina)",,"",3,"failure",30,7,,0,
"Full body","4 ott 2025, 16:26","4 ott 2025, 17:54","","Stacco da Terra (Manubrio)",,"",0,"failure",16,7,,0,
"Full body","4 ott 2025, 16:26","4 ott 2025, 17:54","","Stacco da Terra (Manubrio)",,"",1,"failure",16,6,,0,
"Full body","4 ott 2025, 16:26","4 ott 2025, 17:54","","Stacco da Terra (Manubrio)",,"",2,"failure",16,6,,0,
"Full body","4 ott 2025, 16:26","4 ott 2025, 17:54","","Stacco da Terra (Manubrio)",,"",3,"failure",16,5,,0,
"Full body","4 ott 2025, 16:26","4 ott 2025, 17:54","","Estensioni Glutei al Cavo",,"",0,"failure",7.5,9,,0,
"Full body","4 ott 2025, 16:26","4 ott 2025, 17:54","","Estensioni Glutei al Cavo",,"",1,"failure",7.5,10,,0,
"Full body","4 ott 2025, 16:26","4 ott 2025, 17:54","","Panca Inclinata (Manubrio)",,"",0,"failure",10,6,,0,
"Full body","4 ott 2025, 16:26","4 ott 2025, 17:54","","Panca Inclinata (Manubrio)",,"",1,"failure",10,6,,0,
"Full body","4 ott 2025, 16:26","4 ott 2025, 17:54","","Panca Inclinata (Manubrio)",,"",2,"failure",10,5,,0,
"Full body","4 ott 2025, 16:26","4 ott 2025, 17:54","","Alzata Frontale (Manubrio)",,"",0,"failure",4,9,,0,
"Full body","4 ott 2025, 16:26","4 ott 2025, 17:54","","Alzata Frontale (Manubrio)",,"",1,"failure",4,9,,0,
"Full body","4 ott 2025, 16:26","4 ott 2025, 17:54","","Bicipiti Martello (Manubrio)",0,"",0,"failure",6,8,,0,
"Full body","4 ott 2025, 16:26","4 ott 2025, 17:54","","Bicipiti Martello (Manubrio)",0,"",1,"failure",6,8,,0,
"Full body","4 ott 2025, 16:26","4 ott 2025, 17:54","","Bicipiti Martello (Manubrio)",0,"",2,"failure",6,6,,0,
"Full body","4 ott 2025, 16:26","4 ott 2025, 17:54","","Pushdown Tricipiti",0,"",0,"failure",10,12,,0,
"Full body","4 ott 2025, 16:26","4 ott 2025, 17:54","","Pushdown Tricipiti",0,"",1,"failure",12.5,5,,0,
"Full body","4 ott 2025, 16:26","4 ott 2025, 17:54","","Pushdown Tricipiti",0,"",2,"failure",12.5,4,,0,
"Full body","4 ott 2025, 16:26","4 ott 2025, 17:54","","Tapis Roulant",,"",0,"normal",,0,,1200,
"Pull","3 ott 2025, 19:09","3 ott 2025, 20:14","","Lat Pulldown (Macchina)",,"",0,"failure",35,7,,,
"Pull","3 ott 2025, 19:09","3 ott 2025, 20:14","","Lat Pulldown (Macchina)",,"",1,"failure",35,7,,,
"Pull","3 ott 2025, 19:09","3 ott 2025, 20:14","","Lat Pulldown (Macchina)",,"",2,"failure",35,4,,,
"Pull","3 ott 2025, 19:09","3 ott 2025, 20:14","","Lat Pulldown (Macchina)",,"",0,"failure",30,7,,,
"Pull","3 ott 2025, 19:09","3 ott 2025, 20:14","","Lat Pulldown (Macchina)",,"",1,"failure",30,6,,,
"Pull","3 ott 2025, 19:09","3 ott 2025, 20:14","","Rematore basso iso-laterale",,"",0,"failure",30,6,,,
"Pull","3 ott 2025, 19:09","3 ott 2025, 20:14","","Rematore basso iso-laterale",,"",1,"failure",30,7,,,
"Pull","3 ott 2025, 19:09","3 ott 2025, 20:14","","Rematore basso iso-laterale",,"",2,"failure",30,6,,,
"Pull","3 ott 2025, 19:09","3 ott 2025, 20:14","","Rematore al Cavo da Seduto - Presa Larga",,"",0,"failure",20,6,,,
"Pull","3 ott 2025, 19:09","3 ott 2025, 20:14","","Rematore al Cavo da Seduto - Presa Larga",,"",1,"failure",20,6,,,
"Pull","3 ott 2025, 19:09","3 ott 2025, 20:14","","Curl Bicipiti (Manubrio)",,"",0,"failure",6,7,,,
"Pull","3 ott 2025, 19:09","3 ott 2025, 20:14","","Curl Bicipiti (Manubrio)",,"",1,"failure",6,4,,,
"Pull","3 ott 2025, 19:09","3 ott 2025, 20:14","","Curl Bicipiti (Manubrio)",,"",2,"failure",6,3,,,
"Pull","3 ott 2025, 19:09","3 ott 2025, 20:14","","Bayesian curl",,"",0,"failure",1.5,12,,,
"Pull","3 ott 2025, 19:09","3 ott 2025, 20:14","","Bayesian curl",,"",1,"failure",1.5,12,,,
"Pull","3 ott 2025, 19:09","3 ott 2025, 20:14","","Crunch (Macchina)",,"",0,"failure",30,8,,,
"Pull","3 ott 2025, 19:09","3 ott 2025, 20:14","","Crunch (Macchina)",,"",1,"failure",30,8,,,
"Pull","3 ott 2025, 19:09","3 ott 2025, 20:14","","Tapis Roulant",,"",0,"normal",,,1,600,
"Leg","1 ott 2025, 18:55","1 ott 2025, 19:57","","Estensione Polpacci (Macchina)",,"",0,"failure",40,12,,,
"Leg","1 ott 2025, 18:55","1 ott 2025, 19:57","","Estensione Polpacci (Macchina)",,"",1,"failure",60,9,,,
"Leg","1 ott 2025, 18:55","1 ott 2025, 19:57","","Estensione Polpacci (Macchina)",,"",2,"failure",60,9,,,
"Leg","1 ott 2025, 18:55","1 ott 2025, 19:57","","Hack Squat (Macchina)",,"",0,"normal",10,6,,,
"Leg","1 ott 2025, 18:55","1 ott 2025, 19:57","","Hack Squat (Macchina)",,"",1,"normal",10,5,,,
"Leg","1 ott 2025, 18:55","1 ott 2025, 19:57","","Stacco da Terra (Manubrio)",,"",0,"failure",16,7,,,
"Leg","1 ott 2025, 18:55","1 ott 2025, 19:57","","Stacco da Terra (Manubrio)",,"",1,"failure",16,6,,,
"Leg","1 ott 2025, 18:55","1 ott 2025, 19:57","","Stacco da Terra (Manubrio)",,"",2,"failure",16,5,,,
"Leg","1 ott 2025, 18:55","1 ott 2025, 19:57","","Leg Press Orizzontale (Macchina)",,"",0,"failure",50,10,,,
"Leg","1 ott 2025, 18:55","1 ott 2025, 19:57","","Leg Press Orizzontale (Macchina)",,"",1,"failure",60,8,,,
"Leg","1 ott 2025, 18:55","1 ott 2025, 19:57","","Leg Curl Seduto (Macchina)",,"",0,"failure",30,8,,,
"Leg","1 ott 2025, 18:55","1 ott 2025, 19:57","","Leg Curl Seduto (Macchina)",,"",1,"failure",30,8,,,
"Leg","1 ott 2025, 18:55","1 ott 2025, 19:57","","Estensione Dorso (Ipertensione con Peso)",,"",0,"failure",8,8,,,
"Leg","1 ott 2025, 18:55","1 ott 2025, 19:57","","Estensione Dorso (Ipertensione con Peso)",,"",1,"failure",8,7,,,
"Leg","1 ott 2025, 18:55","1 ott 2025, 19:57","","Estensione Dorso (Ipertensione con Peso)",,"",2,"failure",8,7,,,
"Leg","1 ott 2025, 18:55","1 ott 2025, 19:57","","Abduzione Anche (Macchina)",,"",0,"failure",60,10,,,
"Leg","1 ott 2025, 18:55","1 ott 2025, 19:57","","Abduzione Anche (Macchina)",,"",1,"failure",65,10,,,
"Leg","1 ott 2025, 18:55","1 ott 2025, 19:57","","Abduzione Anche (Macchina)",,"",2,"failure",65,10,,,
"Leg","1 ott 2025, 18:55","1 ott 2025, 19:57","","Tapis Roulant",,"",0,"normal",,,1,1200,
"Push","29 set 2025, 18:43","29 set 2025, 19:39","","Chest Press (Macchina)",,"",0,"failure",15,7,,,
"Push","29 set 2025, 18:43","29 set 2025, 19:39","","Chest Press (Macchina)",,"",1,"failure",15,6,,,
"Push","29 set 2025, 18:43","29 set 2025, 19:39","","Chest Press (Macchina)",,"",2,"failure",15,6,,,
"Push","29 set 2025, 18:43","29 set 2025, 19:39","","Lento in Avanti (Smith Machine)",,"",0,"failure",10,6,,,
"Push","29 set 2025, 18:43","29 set 2025, 19:39","","Lento in Avanti (Smith Machine)",,"",1,"failure",10,6,,,
"Push","29 set 2025, 18:43","29 set 2025, 19:39","","Lento in Avanti (Smith Machine)",,"",2,"failure",10,3,,,
"Push","29 set 2025, 18:43","29 set 2025, 19:39","","Aperture Laterali (Manubrio)",,"",0,"failure",4,11,,,
"Push","29 set 2025, 18:43","29 set 2025, 19:39","","Aperture Laterali (Manubrio)",,"",1,"failure",4,11,,,
"Push","29 set 2025, 18:43","29 set 2025, 19:39","","Estensione Tricipiti Braccio Singolo (Manubrio)",,"",0,"failure",4,9,,,
"Push","29 set 2025, 18:43","29 set 2025, 19:39","","Estensione Tricipiti Braccio Singolo (Manubrio)",,"",1,"failure",4,8,,,
"Push","29 set 2025, 18:43","29 set 2025, 19:39","","Estensione Tricipiti Braccio Singolo (Manubrio)",,"",2,"failure",4,5,,,
"Push","29 set 2025, 18:43","29 set 2025, 19:39","","Pushdown Tricipiti",,"",0,"failure",10,12,,,
"Push","29 set 2025, 18:43","29 set 2025, 19:39","","Pushdown Tricipiti",,"",1,"failure",10,9,,,
"Push","29 set 2025, 18:43","29 set 2025, 19:39","","Crunch (Macchina)",,"",0,"failure",20,10,,,
"Push","29 set 2025, 18:43","29 set 2025, 19:39","","Crunch (Macchina)",,"",1,"failure",30,8,,,
"Push","29 set 2025, 18:43","29 set 2025, 19:39","","Pilates",,"",0,"normal",,,,2700,
"Leg","3 set 2025, 19:08","3 set 2025, 20:14","Non avevo voglia, ma pazienza si fa lo stesso","Estensione Polpacci (Macchina)",,"",0,"failure",40,15,,,
"Leg","3 set 2025, 19:08","3 set 2025, 20:14","Non avevo voglia, ma pazienza si fa lo stesso","Estensione Polpacci (Macchina)",,"",1,"failure",55,12,,,
"Leg","3 set 2025, 19:08","3 set 2025, 20:14","Non avevo voglia, ma pazienza si fa lo stesso","Estensione Polpacci (Macchina)",,"",2,"failure",55,12,,,
"Leg","3 set 2025, 19:08","3 set 2025, 20:14","Non avevo voglia, ma pazienza si fa lo stesso","Hack Squat (Macchina)",,"",0,"normal",10,7,,,
"Leg","3 set 2025, 19:08","3 set 2025, 20:14","Non avevo voglia, ma pazienza si fa lo stesso","Hack Squat (Macchina)",,"",1,"normal",10,7,,,
"Leg","3 set 2025, 19:08","3 set 2025, 20:14","Non avevo voglia, ma pazienza si fa lo stesso","Stacco da Terra (Manubrio)",,"",0,"failure",16,5,,,
"Leg","3 set 2025, 19:08","3 set 2025, 20:14","Non avevo voglia, ma pazienza si fa lo stesso","Stacco da Terra (Manubrio)",,"",1,"failure",16,7,,,
"Leg","3 set 2025, 19:08","3 set 2025, 20:14","Non avevo voglia, ma pazienza si fa lo stesso","Stacco da Terra (Manubrio)",,"",2,"failure",16,6,,,
"Leg","3 set 2025, 19:08","3 set 2025, 20:14","Non avevo voglia, ma pazienza si fa lo stesso","Leg Press (Macchina)",,"",0,"failure",120,5,,,
"Leg","3 set 2025, 19:08","3 set 2025, 20:14","Non avevo voglia, ma pazienza si fa lo stesso","Leg Press (Macchina)",,"",1,"failure",120,5,,,
"Leg","3 set 2025, 19:08","3 set 2025, 20:14","Non avevo voglia, ma pazienza si fa lo stesso","Leg Curl Seduto (Macchina)",,"",0,"failure",25,12,,,
"Leg","3 set 2025, 19:08","3 set 2025, 20:14","Non avevo voglia, ma pazienza si fa lo stesso","Leg Curl Seduto (Macchina)",,"",1,"failure",30,8,,,
"Leg","3 set 2025, 19:08","3 set 2025, 20:14","Non avevo voglia, ma pazienza si fa lo stesso","Estensione Dorso (Ipertensione con Peso)",,"",0,"failure",8,8,,,
"Leg","3 set 2025, 19:08","3 set 2025, 20:14","Non avevo voglia, ma pazienza si fa lo stesso","Estensione Dorso (Ipertensione con Peso)",,"",1,"failure",8,8,,,
"Leg","3 set 2025, 19:08","3 set 2025, 20:14","Non avevo voglia, ma pazienza si fa lo stesso","Estensione Dorso (Ipertensione con Peso)",,"",2,"failure",8,6,,,
"Leg","3 set 2025, 19:08","3 set 2025, 20:14","Non avevo voglia, ma pazienza si fa lo stesso","Abduzione Anche (Macchina)",,"",0,"failure",60,12,,,
"Leg","3 set 2025, 19:08","3 set 2025, 20:14","Non avevo voglia, ma pazienza si fa lo stesso","Abduzione Anche (Macchina)",,"",1,"failure",65,10,,,
"Leg","3 set 2025, 19:08","3 set 2025, 20:14","Non avevo voglia, ma pazienza si fa lo stesso","Abduzione Anche (Macchina)",,"",2,"failure",65,10,,,
"Leg","3 set 2025, 19:08","3 set 2025, 20:14","Non avevo voglia, ma pazienza si fa lo stesso","Tapis Roulant",,"",0,"normal",,,1,1200,
"Full body","14 ago 2025, 19:09","14 ago 2025, 20:23","","Hip Thrust (macchina)",,"",0,"failure",30,8,,,
"Full body","14 ago 2025, 19:09","14 ago 2025, 20:23","","Hip Thrust (macchina)",,"",1,"failure",30,8,,,
"Full body","14 ago 2025, 19:09","14 ago 2025, 20:23","","Hip Thrust (macchina)",,"",2,"failure",30,8,,,
"Full body","14 ago 2025, 19:09","14 ago 2025, 20:23","","Hip Thrust (macchina)",,"",3,"failure",30,8,,,
"Full body","14 ago 2025, 19:09","14 ago 2025, 20:23","","Stacco da Terra (Bilanciere)",,"",0,"failure",50,6,,,
"Full body","14 ago 2025, 19:09","14 ago 2025, 20:23","","Stacco da Terra (Bilanciere)",,"",1,"failure",50,6,,,
"Full body","14 ago 2025, 19:09","14 ago 2025, 20:23","","Stacco da Terra (Bilanciere)",,"",2,"failure",50,6,,,
"Full body","14 ago 2025, 19:09","14 ago 2025, 20:23","","Stacco da Terra (Bilanciere)",,"",3,"failure",50,3,,,
"Full body","14 ago 2025, 19:09","14 ago 2025, 20:23","","Estensioni Glutei al Cavo",,"",0,"normal",7.5,7,,,
"Full body","14 ago 2025, 19:09","14 ago 2025, 20:23","","Estensioni Glutei al Cavo",,"",1,"normal",7.5,7,,,
"Full body","14 ago 2025, 19:09","14 ago 2025, 20:23","","Panca Inclinata (Manubrio)",,"",0,"failure",8,10,,,
"Full body","14 ago 2025, 19:09","14 ago 2025, 20:23","","Panca Inclinata (Manubrio)",,"",1,"failure",10,7,,,
"Full body","14 ago 2025, 19:09","14 ago 2025, 20:23","","Panca Inclinata (Manubrio)",,"",2,"failure",10,6,,,
"Full body","14 ago 2025, 19:09","14 ago 2025, 20:23","","Alzata Frontale (Manubrio)",,"",0,"normal",4,7,,,
"Full body","14 ago 2025, 19:09","14 ago 2025, 20:23","","Alzata Frontale (Manubrio)",,"",1,"normal",4,7,,,
"Full body","14 ago 2025, 19:09","14 ago 2025, 20:23","","Bicipiti Martello (Manubrio)",0,"",0,"failure",6,10,,,
"Full body","14 ago 2025, 19:09","14 ago 2025, 20:23","","Bicipiti Martello (Manubrio)",0,"",1,"failure",6,9,,,
"Full body","14 ago 2025, 19:09","14 ago 2025, 20:23","","Bicipiti Martello (Manubrio)",0,"",2,"failure",6,7,,,
"Full body","14 ago 2025, 19:09","14 ago 2025, 20:23","","Pushdown Tricipiti",0,"",0,"failure",10,12,,,
"Full body","14 ago 2025, 19:09","14 ago 2025, 20:23","","Pushdown Tricipiti",0,"",1,"failure",12.5,7,,,
"Full body","14 ago 2025, 19:09","14 ago 2025, 20:23","","Pushdown Tricipiti",0,"",2,"failure",12.5,7,,,
"Pull","13 ago 2025, 17:28","13 ago 2025, 18:23","","Lat Pulldown (Macchina)",,"",0,"failure",35,7,,,
"Pull","13 ago 2025, 17:28","13 ago 2025, 18:23","","Lat Pulldown (Macchina)",,"",1,"failure",35,7,,,
"Pull","13 ago 2025, 17:28","13 ago 2025, 18:23","","Lat Pulldown (Macchina)",,"",2,"failure",35,6,,,
"Pull","13 ago 2025, 17:28","13 ago 2025, 18:23","","Lat Pulldown (Macchina)",,"",0,"failure",30,10,,,
"Pull","13 ago 2025, 17:28","13 ago 2025, 18:23","","Lat Pulldown (Macchina)",,"",1,"failure",30,8,,,
"Pull","13 ago 2025, 17:28","13 ago 2025, 18:23","","Rematore basso iso-laterale",,"",0,"failure",30,6,,,
"Pull","13 ago 2025, 17:28","13 ago 2025, 18:23","","Rematore basso iso-laterale",,"",1,"failure",30,6,,,
"Pull","13 ago 2025, 17:28","13 ago 2025, 18:23","","Rematore basso iso-laterale",,"",2,"failure",30,6,,,
"Pull","13 ago 2025, 17:28","13 ago 2025, 18:23","","Rematore al Cavo da Seduto - Presa Larga",,"",0,"failure",20,12,,,
"Pull","13 ago 2025, 17:28","13 ago 2025, 18:23","","Rematore al Cavo da Seduto - Presa Larga",,"",1,"failure",20,10,,,
"Pull","13 ago 2025, 17:28","13 ago 2025, 18:23","","Curl Bicipiti (Manubrio)",,"",0,"failure",6,9,,,
"Pull","13 ago 2025, 17:28","13 ago 2025, 18:23","","Curl Bicipiti (Manubrio)",,"",1,"failure",6,8,,,
"Pull","13 ago 2025, 17:28","13 ago 2025, 18:23","","Curl Bicipiti (Manubrio)",,"",2,"failure",6,7,,,
"Pull","13 ago 2025, 17:28","13 ago 2025, 18:23","","Bayesian curl",,"",0,"failure",2.5,6,,,
"Pull","13 ago 2025, 17:28","13 ago 2025, 18:23","","Bayesian curl",,"",1,"failure",2.5,6,,,
"Pull","13 ago 2025, 17:28","13 ago 2025, 18:23","","Tapis Roulant",,"",0,"normal",,,1,600,
"Leg","12 ago 2025, 10:09","12 ago 2025, 11:28","","Estensione Polpacci (Macchina)",,"",0,"failure",40,12,,,
"Leg","12 ago 2025, 10:09","12 ago 2025, 11:28","","Estensione Polpacci (Macchina)",,"",1,"failure",45,12,,,
"Leg","12 ago 2025, 10:09","12 ago 2025, 11:28","","Estensione Polpacci (Macchina)",,"",2,"failure",55,9,,,
"Leg","12 ago 2025, 10:09","12 ago 2025, 11:28","","Hack Squat (Macchina)",,"",0,"normal",10,6,,,
"Leg","12 ago 2025, 10:09","12 ago 2025, 11:28","","Hack Squat (Macchina)",,"",1,"normal",10,6,,,
"Leg","12 ago 2025, 10:09","12 ago 2025, 11:28","","Stacco da Terra (Manubrio)",,"",0,"failure",14,10,,,
"Leg","12 ago 2025, 10:09","12 ago 2025, 11:28","","Stacco da Terra (Manubrio)",,"",1,"failure",14,10,,,
"Leg","12 ago 2025, 10:09","12 ago 2025, 11:28","","Stacco da Terra (Manubrio)",,"",2,"failure",14,9,,,
"Leg","12 ago 2025, 10:09","12 ago 2025, 11:28","","Leg Press (Macchina)",,"",0,"failure",120,6,,,
"Leg","12 ago 2025, 10:09","12 ago 2025, 11:28","","Leg Press (Macchina)",,"",1,"failure",120,6,,,
"Leg","12 ago 2025, 10:09","12 ago 2025, 11:28","","Leg Curl Seduto (Macchina)",,"",0,"failure",25,12,,,
"Leg","12 ago 2025, 10:09","12 ago 2025, 11:28","","Leg Curl Seduto (Macchina)",,"",1,"failure",25,12,,,
"Leg","12 ago 2025, 10:09","12 ago 2025, 11:28","","Estensione Dorso (Ipertensione con Peso)",,"",0,"failure",8,7,,,
"Leg","12 ago 2025, 10:09","12 ago 2025, 11:28","","Estensione Dorso (Ipertensione con Peso)",,"",1,"failure",8,7,,,
"Leg","12 ago 2025, 10:09","12 ago 2025, 11:28","","Estensione Dorso (Ipertensione con Peso)",,"",2,"failure",8,7,,,
"Leg","12 ago 2025, 10:09","12 ago 2025, 11:28","","Tapis Roulant",,"",0,"normal",,,1,600,
"Push","11 ago 2025, 15:58","11 ago 2025, 17:18","","Chest Press (Macchina)",,"",0,"failure",15,7,,,
"Push","11 ago 2025, 15:58","11 ago 2025, 17:18","","Chest Press (Macchina)",,"",1,"failure",15,7,,,
"Push","11 ago 2025, 15:58","11 ago 2025, 17:18","","Chest Press (Macchina)",,"",2,"failure",15,7,,,
"Push","11 ago 2025, 15:58","11 ago 2025, 17:18","","Panca Inclinata (Manubrio)",,"",0,"failure",6,12,,,
"Push","11 ago 2025, 15:58","11 ago 2025, 17:18","","Panca Inclinata (Manubrio)",,"",1,"failure",8,6,,,
"Push","11 ago 2025, 15:58","11 ago 2025, 17:18","","Lento in Avanti (Smith Machine)",,"",0,"failure",10,6,,,
"Push","11 ago 2025, 15:58","11 ago 2025, 17:18","","Lento in Avanti (Smith Machine)",,"",1,"failure",10,5,,,
"Push","11 ago 2025, 15:58","11 ago 2025, 17:18","","Lento in Avanti (Smith Machine)",,"",2,"failure",10,5,,,
"Push","11 ago 2025, 15:58","11 ago 2025, 17:18","","Aperture Laterali (Manubrio)",,"",0,"failure",4,11,,,
"Push","11 ago 2025, 15:58","11 ago 2025, 17:18","","Aperture Laterali (Manubrio)",,"",1,"failure",5,8,,,
"Push","11 ago 2025, 15:58","11 ago 2025, 17:18","","Estensione Tricipiti Braccio Singolo (Manubrio)",,"",0,"failure",4,11,,,
"Push","11 ago 2025, 15:58","11 ago 2025, 17:18","","Estensione Tricipiti Braccio Singolo (Manubrio)",,"",1,"failure",4,9,,,
"Push","11 ago 2025, 15:58","11 ago 2025, 17:18","","Estensione Tricipiti Braccio Singolo (Manubrio)",,"",2,"failure",4,5,,,
"Push","11 ago 2025, 15:58","11 ago 2025, 17:18","","Pushdown Tricipiti",,"",0,"failure",10,7,,,
"Push","11 ago 2025, 15:58","11 ago 2025, 17:18","","Pushdown Tricipiti",,"",1,"failure",10,6,,,
"Push","11 ago 2025, 15:58","11 ago 2025, 17:18","","Crunch (Macchina)",,"",0,"failure",20,10,,,
"Push","11 ago 2025, 15:58","11 ago 2025, 17:18","","Crunch (Macchina)",,"",1,"failure",30,10,,,
"Push","11 ago 2025, 15:58","11 ago 2025, 17:18","","Crunch (Macchina)",,"",2,"failure",30,10,,,
"Push","11 ago 2025, 15:58","11 ago 2025, 17:18","","Tapis Roulant",,"",0,"normal",,,,1200,